id,text,hate_type,hate_severity,to_whom
266651,বি এন পির বল্লে তাদের খমতা আসতে পারবে না,Political Hate,Little to None,None
561654,দাজ্জালের হাতে থাকবে তাপমাত্রা নিয়ন্ত্রণ অনেক এলাকায় গাছ পালা কাটা শুরু হয়েছে,Abusive,Severe,None
507755,যে মেধা নিজের সৃষ্টিকর্তাকেই চিনতে পারেনা সেই মেধা পকেট ছেঁড়া প্যান্টের সমান,Abusive,Severe,None
656024,একজন অফিস ক্লিনারের এর বেতন কতো যেখানে তার বেতন সংসার চলা কঠিন সেইখানে এতো টাকা কই থেকে আসলো,Abusive,Little to None,None
3052,যাইহোক বাংলাদেশকে মিয়ানমারের দুই গ্রুপই ব্যবহার করছে বাংলাদেশ তুমি কার ভারতের নাকি মিয়ানমারের,Abusive,Mild,None
623083,মুসকিল আসহান বাবা লীগ,Political Hate,Little to None,None
675844,সবাই থাপ্পড় মারা শুরু করুন ঠিক হয়ে যাবে,Abusive,Severe,None
382540,সাবাস ভাইয়া সালাম আমাদের গদি মিডিয়া ইসরাইল পা চাটা,Abusive,Mild,None
690302,মূর্খের দলগুলো অন্যদের দোষ দেওয়ার আগে নিজের বুদ্ধি নাই ধারণ ক্ষমতার থেকেও অতিরিক্ত মানুষ নৌকাতে উঠছে এখানে প্রশাসন যেয়ে কি করবে,Abusive,Severe,None
227393,মমতাজ কাদের সহ যেই সকল মন্তী এমপি উদ্ভট কথা বলে এদের বাদ দেওয়ার আহ্বান জানাই,Abusive,Mild,None
33066,আমার দাবি এর নিচ দিয়ে লঞ্চ চলাচল নিষিদ্ধ করা হোক বাংলাদেশ বলে কথা,Abusive,Little to None,None
287639,বিএনপির আশায় এভাবে গুড়েবালি হলো,Political Hate,Little to None,None
140689,শালাদের ফাঁসি চাই,Profane,Little to None,None
589233,বড় বড় লেকচার শুনতে রাজি নাই আমরা সাধারন জনগন ভোট অধিকার পেতে চাই,Abusive,Little to None,None
688164,কিশোরগঞ্জের ঐতিহাসিক পাগলা মসজিদ,Abusive,Little to None,None
234943,সার আপনি গর্তে কেনআমরা আপনাকে শিয়াল হিসাবে দেখবো আশা করিনিছাগল হিসাবে দেখতে চায়দোয়া কয়রেন ভাই আপনার ভক্ত প্রথম ভোট যেন ভালো ভাবে দিতে পারে,Abusive,Little to None,None
455140,আলহামদুলিল্লাহ একটা গীগ কমে গেলো,Abusive,Severe,None
617422,বিরিয়ানি দিয়ে মানুষ ভাড়া করে বড়ো বড়ো কথা,Abusive,Little to None,None
509559,পরিমনি এখন আর বোট কেলাব জাওয়া ছেরে দিলো নাকি,Abusive,Little to None,None
928884,ভাই কেও কি পারেন ওর হুগায় একটা লাথি মারতে,Profane,Severe,None
659471,সময় টিভি সংবাদ শুনলে গা জলে উঠে,Abusive,Mild,None
291039,পারেন নি বাতিলের ব্যাবস্থা নিন মামলা করেন প্রমাণ করেন ওটা ওদের নয় আমাদের সফলতা কোনটা ওটা আমাদের সেটা ফিরিয়ে আনা হোক,Political Hate,Little to None,None
801623,সুখে থাকতে ভুতে কিলায়,Abusive,Little to None,None
613833,এত দেখি বালে কারনে বাচ্চা আটকিয়ে যাওয়ার হিসাব,Profane,Severe,None
718306,এতো দেখি বুড়া বলদ জেনে শুনেই নিয়ম ভেঙেছে,Abusive,Little to None,None
899804,খেলিয়া লাভ নাই এই টিম নিয়ে মাটে নামলে হারবে,Abusive,Little to None,None
423343,ঋণ নিয়ে দেশটাকে অন্যের কাছে বিক্রি করে দেন,Abusive,Severe,None
83835,ফালতু বগবগ কইরা আর লাভ নাই,Abusive,Mild,None
95832,কুত্তা নির্বাচন এই নির্বাচনের কেউ ভোট দেবে না,Political Hate,Little to None,None
236784,শালা মিথ্যুক দালাল ও মুনাফিক,Abusive,Mild,None
413841,এই মূর্তি পূজারীরা ঠিকই এক হয়ে যাবে কিন্তু আমরা এক হতে পারি না,Abusive,Little to None,None
32418,এই মেয়ে কন্টিনিউয়াস মিথ্যা বলতেছে চান্স পাবেনা জেনেই এই নাটক পাশের হলে থাকা স্টুন্ডের সাথে কথা হয়েছে ডিভাইস পাওয়া গেলে চিল্লাচিল্লি হতো তারা কিছুটা হলেও শুনতো কিন্তু তারা কোন শব্দ পায় নি আর হলে ৬ জন ইনভিজিলেটর ছিল ঐ হল থেকে কাউকে বহিষ্কার করাও হয়নি ৬ জন ইনভিজিলেটরই মিথ্যা বলবে এটা সম্ভব বলে মনে করি না,Abusive,Little to None,None
127543,বাল হয় এতেপরিবেশের জন্য মারাত্মক ক্ষতিএসব বন্ধ করা উচিত,Profane,Severe,None
915911,সাংবাদিক হালা পাগল প্রথমে ২৩ উইকেট পরে গেলে সবার ি স্টাইক রেট কমে যাবে শান্ত তিনে মোটামুটি ভালো ই খেলছে সকিব বিশ্ব সেরা সে সব পজিশনে খেলতে পারে,Profane,Little to None,None
590535,তোরা কোন দিন মানুষ হলি না সময় টিভি মানে পাচাটা গোলামী,Abusive,Mild,None
323114,ওর গান শুনে রাস্তা কুকুর চিল্লাইতাছে যখন বন্ধ করছি তখন চিল্লানো বন্ধ করে দিছে,Abusive,Mild,None
930782,আর কতো খেলোয়াড় এবাবে অভিমানে বিদায় নিলে ক্রিকেট বোডের হুস হবে জানি না,Abusive,Little to None,None
276240,বিদ্যুৎ উৎপাদন করে কি দিয়ে গাঁজা খোর সাংবাদিক,Abusive,Little to None,None
236122,ওবায়দুল কাদের কেনো মরে নাআজরাইল কি দেখে না আমরা আর পারি না সইতে,Abusive,Severe,None
675171,সেন্টি কেট করলে এমনিই হবে আল্লাহর কাছে বলি এই গুদামঘর গুলো ধংস করে দিন,Abusive,Mild,None
76223,বাক্যটা যেনো এমন না হয় আই এম রেডি টু সেইভ মাই পকেট,Abusive,Mild,None
356935,এখন এই জিম্বা বুয়ে বাংলাদেশ কে হারিয়ে নাকানি চুবানী খাইয়ে দেয়,Abusive,Little to None,None
735722,এই পূথিবীতে টিকে থাকতে হলে সব মুসলিম দেশের এক হয়ে কাজ করা উচিত,Political Hate,Little to None,None
472227,সবি হাচিনার চাল,Political Hate,Mild,None
813556,সন্দেহহীন ভাবে বলতে পারি৩য় বিশ্বযুদ্ধের ঈঙ্গিত পাওয়া যাচ্ছে,Political Hate,Little to None,None
788242,ওরা মনে হয় বাংলাদেশ থেকে এই সমস্ত অপকর্ম শিখ্ছে,Abusive,Little to None,None
191369,যদি এই স্বৈরশাসকের সমাপ্তি হয় সবার আগে এই সময় টিভি সবচেয়ে মর্মান্তিক ফুটকি মারা খাবে,Profane,Severe,None
709058,হা হা হা হলুদ সাংবাদিক,Abusive,Mild,None
404783,সময় টিভির নিউজ বিশ্বাস করা যায় না তারা ভুলবাল উপস্থাপনা করে,Abusive,Little to None,None
446957,পশ্চিমা ভুয়া নিউজ,Abusive,Little to None,None
107921,দেশের ১২টা বাজাইয়া এখন বলেন বিনপির কাজ শালা ছাগলের তিন নাম্বার বাচ্চা,Profane,Mild,None
96808,ওরা নিজেরাই গুপ্ত হত্যা করে র উপরে দোষ চালাতেও চাইতে পারে,Abusive,Mild,None
409110,মহান আল্লাহ তায়ালার কাছে দোয়া করি হে আল্লাহ আপনি আপনার বান্দা ইহুদীদের যেভাবে হেফাজত করে চলেছেন সেইভাবেই হেফাজত করতে থাকুন,Religious Hate,Mild,None
502422,সাব্বাস দেবর ভাবিরা বেঁচেই থাকে দেবরদের ভরসায়,Sexism,Little to None,None
443309,ইউটিউব কোম্পানির এর যন্ত্রণায় মোবাইলটা ভেঙ্গে ফেলতে ইচ্ছে করে এখন দেখছি সময় এর খবরের মাঝখানে হায়রে কোথায় যাবোতাই আনসাবস্ক্রাইব করতে বাধ্য হলাম,Abusive,Little to None,None
738233,সারে কোঠি টাকা হলে বাংগালি প্রবাস কাজ করতো না রে ভাইতবে তারা ছুইচ ব্যাংকে টাকা রাখে কি রেএই সব টাকা দেশের শিক্ষিত ব্যাক্তিরা গরীবের টাকা চুসে নিয়ে বিদেশে রাখছে,Abusive,Little to None,None
276176,মুনাফিক এর দল,Religious Hate,Severe,None
390166,কি বাল দেখতে দেওয়া লাগবে,Profane,Little to None,None
415658,ওশালা যুদ্ধবাজ মরে যাওয়াই ভালো,Profane,Severe,None
397924,সারা বিশ্বের অশান্তি সৃষ্টি করে শান্তির কথা বলে,Abusive,Little to None,None
333270,নির্দলীয় নিরপেক্ষ সরকারের অধীনে জাতীয় নির্বাচন দিন টেক্সের টাকায় দেশ আগাবে এটাই স্বাভাবিক কিন্তূ ভোট চুরি ডাকাতি আর চাইনা,Political Hate,Mild,None
485208,মৃত্যুদনড দেওয়া হোক তারাতাড়ি,Abusive,Severe,None
781358,ধর্ম যার যার উৎসব সবার বিয়ে যার যার বউ সবার,Religious Hate,Mild,None
69508,আল্লাহ উনাকে জান্নাতুল ফেরদৌস নসিব করুক কিন্তু পদ্মা সেতুর দুর্নীতির টাকা কি কি কাজে আসলো,Abusive,Little to None,None
79228,তোমরা দাদাদের কাছে চায়না দের কাছে রাশিয়ার কাছ কি কর মাদারবোর্ড,Profane,Severe,None
205879,লজ্জা করে না এদের,Abusive,Severe,None
472086,সাংবাদিক ভুল বলছেন সব দোষ মোটরসাইকেলের,Abusive,Little to None,None
724484,ভিডিওর তথ্যগুলো গুজামিল দেয়াঅনেক ভুল আছে,Abusive,Little to None,None
566318,রাজস্বর সব টাকা এগুলা করে করে শেষ করতেছে,Political Hate,Mild,None
526539,পুরা ফ্যামিলি আচোদা,Profane,Severe,None
668969,এই দেশে দালাল চটকদার তেলবাজ বাটপারদের কদর আছে কিন্তু ভালো মানুষ ভালো কাজের কোন খাওয়া নাই সরকারের কাছে,Political Hate,Mild,None
571045,স্বামী স্ত্রীর সম্পর্ক অটুট রাখতে জাতিসংঘের সহায়তার প্রয়োজন নাই জাতিসংঘকে চুরি চোট্টামি বুঝতে দেয়া যাবেনা তত্ত্বাবধায়ক সরকারের অধীনে নির্বাচন হলে ভোট কেন্দ্রে যাবো,Political Hate,Mild,None
739982,ইউক্রেন রাশিয়ার একটা মশা মারলেও সেইটা ভিডিও কইরা ছাইড়া দেয় আর মস্কোভার মত ক্রুজার ক্ষেপনাস্র দিয়া ধ্বংস করছে অথচ তার কোন ভিডিও তো দূরে থাক স্টিল পিকচারও দেয় নাই খুবই চিন্তার বিষয়,Political Hate,Mild,None
602479,মাদার অব মাফিয়া মায়ের নতুন নাটক,Abusive,Little to None,None
653820,আল্লাহ পাক যেটা আমাদের জন্য হালাল করেছেন সেটা নিশ্চয়ই কারোর কথাতে কোন ক্ষতির কারণ হতে পারে না ইনশাল্লাহ আল্লাহর উপর ভরসা করে প্রয়োজনে গরু যাবেহবা গরুর দুধ পান করা উচিত,Religious Hate,Little to None,None
3736,বিজিবি টাকা খাইতে ব্যস্ত,Abusive,Mild,None
594507,আর কতে মিথ্যা বিলবি,Abusive,Mild,None
239068,গাজাঁ কি এরা খাই নাকি এদের কে গাজাঁ খাই,Abusive,Mild,None
385586,এটা একটা চাল কুটনৈতিক চাল,Political Hate,Little to None,None
42984,আমাদের লিস্ট একটু দেখাবেন,Abusive,Little to None,None
410510,হাহা দেয়ার কি আছেদেখেন আবার কোন মুসলিমদের বুরুদ্ধে ফন্দি করে,Religious Hate,Mild,None
214358,দেশে কোন সহিংসতা সহিংসতার সাথে মারামারি সাথে যদি পুলিশ না জড়িত হয় তাহলে তো অনেক ভালো কিন্তু দেশে পুলিশ একমাত্র জড়িত হওয়ার কারণে গুল্লি চালানোর কারণে সাধারণ,Abusive,Little to None,None
669509,গ্যাসের সংকট চলছে আজকে নিয়ে চার দিন হলুদ মিডিয়ার কাতুকুতু লাগছে আজ,Abusive,Little to None,None
309517,পাপোনদা আার মূর্খ কোচ হাতুড়ি দিয়ে কি হবে আর,Abusive,Little to None,None
1467,চট্টগ্রামে বহদ্দারহাট মোড়ে প্রতি গাড়ি ১০০ টাকা করে চাঁদা নেয়া হয় পাশেই পুলিশ বক্স দুঃখের বিষয় এরাও এর সাথে জড়িত,Abusive,Severe,None
414730,হজরতের চামচাগুলোর হাসি বন্ধই হচ্ছেনা,Abusive,Severe,None
898495,ভারতের যখন এতোই সমস্যা তাহলে তাদের উচিত বৃষ্টির মধ্যে খেলা চালিয়ে যাওয়াযত্তসব বাল পাকনামি কাহিনি,Profane,Severe,None
241815,সব মরা মরছে আইসা ঐ রাখাইনে,Abusive,Little to None,None
858636,ক্ষমতা চিরস্থায়ী না,Abusive,Little to None,None
439903,মিনিটের ভিডিও মধ্যে বালের এড,Profane,Little to None,None
896774,সাকিব্বা হাতুরা ক্রিকেটকে ধ্বংস করে ছাড়বে,Abusive,Severe,None
258727,সবাই তো মুসলমান ইসলামের এই হাল এদেশের মানুষের পচে যাবে কিন্তুু মানুষদের খাওয়াবেনা বেশি মুনাফা করতে হবে বাঙালি করে রেখেছো মানুষ করনি,Political Hate,Mild,None
922476,ইন্ডিয়ার আছে অগ্রেসিভ ব্যাটসম্যান বলার ফিল্ডার কাংলাদেশের আছে অগ্রেশিভ চাপাবাজ সমর্থক,Abusive,Mild,None
650205,সরকারি অফিসারেরা আবার কাজ ও করে আবার কর্ম ঘন্টা কমানো হলো তাহলে বেতন ও আনুপাতিক হারেই কমানো হোক যেনো ঐ টাকা তথাকথিত উন্নয়ন এ ব্যায় করা যায়,Abusive,Little to None,None
300680,জাপানের প্রধানমন্ত্রী উন্নয়ন দেখে বিস্মিত হয় নাই জাপানের প্রধানমন্ত্রী এই দেখে বিস্মিত হয়েছে যে বাংলাদেশ ৫০ বছরে ভালো জনগণের টাকা মেরেছে তাই আর হাসি তামাতে পারতেছে না দেখে বুঝা যাচ্ছে,Abusive,Mild,None
158868,লুটপাট করা টাকা,Abusive,Little to None,None
436247,মিনিটের জাইগা এখন পাহাড় হয়েগেছে,Abusive,Little to None,None
455503,কোনো বিচার হবে না,Abusive,Little to None,None
929892,অথচ আফগানিস্তানের বেয়াদব পোলাপান সেদিন পাকিস্তানের সাথে কামডা করলো কী,Abusive,Mild,None
900226,তুমি খেলা বুজ বাল,Profane,Little to None,None
111742,আল্লাহর ওলি সবগুলা,Religious Hate,Little to None,None
480655,মাঙ্গের এ্যাড বাদ দিয়া ভালো দিতে পারেন না,Profane,Little to None,None
157090,সামনে নির্বাচন তাই নাটক শুরু,Abusive,Little to None,None
334533,পতিতার বাজার এখান থেকে বাছাই হবে ওবায়দুল কাকুর জন্য তার পর ছোট ছোট চামচা দের জন্য,Abusive,Mild,None
914164,১০০০০০০০০০০০০০০০০০০০০০০০০০০০ রাইট অহংকারী হয়ে পড়েছে তারা,Abusive,Mild,None
324922,তরুনী না বুড়ি,Abusive,Little to None,None
217208,শেখ হাসিনার উচিৎ দ্রত পদত্যাগ করে নিরপেক্ষ নির্বাচন দিয়ে দেশে শান্তি ফিরিয়ে আনা,Political Hate,Little to None,None
38886,সালা মীরজাফর বাটপার,Abusive,Mild,None
836974,বাল পাকনার ভার্সন,Profane,Severe,None
857583,অস্ট্রেলিয়ান গাই টা,Sexism,Mild,None
104882,ছার ফোয়রে অন্ডকোষে চাপ দিয়ে দিয়ে মেরে ফেলা উচিৎ,Abusive,Severe,None
366514,মশার কোনো গ্যারান্টি নেই তাদের পরান থাকে মানুষের দুহাতের তালুতে ভারত সেই মশা তাদের পরান থাকে পাকিস্তান আর চীনের কাছে এরা দুরেবসে পায়তারা করতে পারে কিন্তু এদের সময় থাকে আরেক জনের কাছে এরা কি করবে এদের দেশের নামি তো ঠিক নেই জয় হোক ফিলিস্তিনি মুসলিম ভাই বোনদের আল্লাহ্ পাক সহায় হোক,Political Hate,Mild,None
727009,দালাল বলদ ভিক্ষুক যুদ্ধবাজ নাৎসি জেলেনস্কির চেহারা ভচ্কায়ে গেছে দেখতে পাচ্ছি এইবার তার মাজা ভেঙে গুরিয়ে দাও,Abusive,Severe,None
623520,এক নতুন নাটকের শুরু সতর্ক থাকা উচিৎ,Abusive,Severe,None
422748,ওগো আল্লাহ আপনি ফিলিস্তিন মুসলমানদের হেফাজত করুন এবং ইসরায়েল নামক ইহুদী রাষ্ট্রটিকে ধ্বংস করে দিন,Abusive,Severe,None
782996,খেলনা ড্রোন দিয়ে কোনো বাল ও ছিরতে পারছে না এটা খুদ রাশিয়ার সেনাবাহিনী বলতাছে শুধু শুধু এর জারি জুরি সব ইজ্রায়েল এর হাতে চলে গেলো,Political Hate,Severe,None
221877,বি এন পির জন্ম লগ্ন থেকে তো শুধু খুন করে আসছে জিয়া ১৫০০ মুক্তি যোদ্ধা সেনাবাহিনীর কর্মকর্তা দের কে খুন করেছ হাজার হাজার আওয়ামি লিগ এর নেতা কর্মিদের হর্তা করেছ এটা তো খুনি জিয়ার দল তারাতো মানুষ মারবে এটা তো তাদের পরমপরা,Political Hate,Severe,None
867935,কোন বালের বিশ্ব রেকর্ড করল,Profane,Mild,None
846248,বাংলাদেশের এই অবস্থা দেখার জন্যই কি লক্ষ শহীদ জীবন উৎসর্গ করেছিলেন কোন শালারা বলে স্বাধীন বাংলাদেশ সকল মানুষের সমান অধিকার প্রতিষ্ঠিত করার জন্য মনে হয় আরো একবার যুদ্ধের প্রয়োজন,Profane,Severe,None
814340,আল জাজিরার সাংবাদিক হত্যাইজরাইলের পরিকল্পিত,Political Hate,Mild,None
112914,কত অসহায় হলে বারবার অঙ্গীকার করতে হয় আমরা আর চুরি করবোনানাকে খত দিলেও বিশ্বাস করে না বাংলাদেশের মানুষ,Political Hate,Severe,None
349353,বালের এড চোদাও খানকির পোলারা,Abusive,Severe,None
403998,কচুর জাতের সংঘ,Abusive,Little to None,None
83140,আহারে কই পাইলো এরকম জনগন,Abusive,Little to None,None
117802,চুন্নু একটা বিশ্ব বাটপার,Abusive,Severe,None
409191,বি এন পি তো মিথ্যা দিয়েই জম্ম ইতিহাস দেখেই তো স্পষ্ট,Political Hate,Mild,None
79676,চোরা তারেক নিপাত যাক গণতন্ত্র বহাল থাক,Political Hate,Little to None,None
561440,চিন্তার কোনো কারণ নেই সামনে নির্বাচনে যদি পাশ করি তাহলে এই গাড়ি গুলো কে বয়ো শুকো ভাতা করে দেয়া হবে,Political Hate,Mild,None
232639,একদিকে বলছেন নির্বাচন চলাকালীন সময় অর্থাৎ তফসিল ঘোষণা থেকে নির্বাচন সম্পন্ন হওয়া পর্যন্ত কমিশন কে সব ক্ষমতা দিতে অপরদিকে নির্বাচন কমিশনের নির্দেশ পালন করতে চান না তখন সংবিধানের কথা বলছেন নাগরিক অধিকারের কথা বলছেন বিএনপি ও তার দোসরদের কে স্বয়ং সৃষ্টিকর্তাও বুঝতে পারবেন না,Political Hate,Little to None,None
620921,কাওয়া কাদেরের দুই গালে জুতা মারো তালে তালে,Abusive,Severe,None
819043,তোমরা দেখোনা ইসরায়েলের হামলাসে বপারে চুপ কেনো,Political Hate,Little to None,None
762840,যুক্তরাষ্ট্রের সবসময় ঢোলের দুই পেটে বাড়ি দেওয়ার রাষ্ট্র আজ যুক্তরাষ্ট্র যেটাই করে সেটা কোন অন্যায় হয় না মানবাধিকার লঙ্ঘন হয় না,Abusive,Little to None,None
53325,এ শালা তো টাকার লোভ সামলাতে পারবে না আমি নিশ্চিত ভাইয়েরা,Abusive,Mild,None
240469,সবাইকে তো দিছো সৌদি কেন বাদ থাকবে দে দে সব বেচে দে ক্ষমতা থেকে নামানোর পরে এর শোধ হারের হারে নিবো ইনশাআল্লাহ,Political Hate,Little to None,None
302370,প্রতিবন্ধি ডি এম পি কমিশনার,Abusive,Little to None,None
638827,আবেগীদের গালে টেক্স বসানো জন্য সরকারের প্রতি অনুরোধ করছি যুদ্ধ মিয়ানমারের সাথে করতে হবে না দেশের ভিতরে করুন,Political Hate,Mild,None
64378,বাকশাল ছাড়েন নাই তাই তো,Abusive,Severe,None
757096,মুসলমানদেরকে সন্ত্রাসী আক্ষা দেয় ইউরোপ আমেরিকা নিজেরা পৃথিবী জুড়ে সন্ত্রাস চালিয়ে যাচ্ছে,Religious Hate,Mild,None
510728,কি বলবো এইসব নোংরামি আর ভালো লাগে না,Abusive,Mild,None
407319,চিন রাশিয়া পালেস্টাইনকে উদ্ধার করে করে দিবে সব শালাই দালাল কারন মুসলিম চোদু জাতি নিজেদের ধ্বংস নিজেরাই করে কোন বিচারই মানে না সব সময় পাছা দিয়া ঠেলে যার ফল সাধারন মানুষের মৃত্যু,Religious Hate,Severe,None
922070,হাতির বাচ্চা ইয়াসির আলী কে জুতা মার উচিত,Abusive,Little to None,None
456877,বালের একটা বিজ্ঞাপন পাইছে,Profane,Severe,None
169304,সাদিক আব্দুল্লাহ একটা দুর্নীতিবাজ বাটপার তাকে মনোনয়ন নাদিয়ে প্রধানমন্ত্রী ভাল করেছেন,Abusive,Mild,None
680298,এসব নোংরা রাজনীতি বন্ধ হউকএবং এদের হাত থেকে জাতির মুক্তি হউক,Political Hate,Mild,None
93681,এরা কি টাইপ এর বলদ বুঝিনা নেশা করে নাকি,Abusive,Mild,None
688414,একটা রাম ছাগল আস্তা ছাগল এইসব পাগলদের জন্্য এই সমস্যা দেশ এর,Abusive,Little to None,None
157218,নাটকের মা রে টুত টুত,Abusive,Severe,None
593341,আল্তু ফাল্তু মন্ত্রী বালও বুঝেনা,Profane,Severe,None
621848,কুওালীগ যে ছাএদের বিরুদ্ধে লেলিয়ে দিছেআপন্দের চরিত্র ফুলের মতো চরিত্র,Political Hate,Little to None,None
276461,বাংলাদেশের শিক্ষা ব্যবস্থা বাজে,Political Hate,Mild,None
232905,দ্রুত আইনের আওতায় আনা হোক,Abusive,Mild,None
593596,ভারত থেকে না এনে আমাদের ভাই পাকিস্তান থেকে আনলে ভাল হত কিন্তু দুঃখের বিষয় হল আমাদের ভাই পাকিস্তানের তো কিছুই নেই আছে শুধু সন্ত্রাস,Abusive,Little to None,None
836207,এবার তোমাকে নুনু খাওয়াবো,Profane,Mild,None
894098,বিশ্বকাপ দল থেকে লিটন দাসকে বাদ দেওয়া হোক এটাই বড় সিদ্ধান্ত হবে,Abusive,Little to None,None
557948,আর খালেদা জিয়াকে হত্যার উদ্দেশ্যে সরাসরি উনার গাড়ি বহরে যারা হামহা করেছিলো তারা কি ছিলো দলকানা মাদারবোর্ড তুমি কি বালের সাংবাদিক,Profane,Little to None,None
765379,তিব্বত স্বাধীন থাকতে চাই আর তিব্বতটা চায়না ছিল না যুদ্ধ করে নিয়েছে সেই ব্যাপারে ভিডিও দেখ,Abusive,Little to None,None
173717,এটা হয় কিভাবে বাল,Profane,Severe,None
279670,স্মৃতি সৌধ শো ডাউন দেখানোর জায়গা নয় অন্তর থেকে শহীদদের প্রতি শ্রদ্ধা জানানোর জায়গা অন্তর থেকে শ্রদ্ধা না করলে যাবেন না অযথা লোক দেখানোর কি দরকার,Abusive,Little to None,None
426405,তবে হিন্দু হোক আর মুসলিম হোক হত্যাকাণ্ডের সঠিক বিচার দাবি করছিপৃথিবীটাকে সুন্দর করি,Religious Hate,Severe,None
626559,কমলদের চাকরি যাইবো কবে,Abusive,Little to None,None
35763,কে আসবে ভোট কেন্দ্র,Political Hate,Mild,None
780400,এখনও সময় আছে মূর্তি পূজা ছেড়ে এক আল্লাহর প্রতি ঈমান আনো,Religious Hate,Little to None,None
748796,হরেক রকমের পাগল দিয়ে মিলাইছো মেলা,Abusive,Mild,None
576806,পুলিশের উপরে নিষেধাজ্ঞা চাই আমেরিকার প্রতি আহবান,Abusive,Severe,None
370198,হে আল্লাহ্ আপনি ফিলিস্তিনের জনগণের জীবন রক্ষা করুন এবং সন্ত্রাসী ইসরায়েল কে ধ্বংস করুন,Abusive,Little to None,None
902112,আমাদের প্রধানমন্ত্রী তো অনেক ভালো উনি তো অনেক কিছুই দেখে উনি এটা দেখে নাই যে নান্নুর ষড়যন্ত্রে আমাদের ক্রিকেটটা ধ্বংস হয়ে যাচ্ছে আমাদের সাইলেন্ট কিলার কি অবশ্যই দলে চাই প্লিজ মাননীয় প্রধানমন্ত্রী হস্তক্ষেপ চাচ্ছি,Political Hate,Little to None,None
242867,সব চেয়ে বড় চোর,Abusive,Little to None,None
712563,কাঁদার কিছু নেইহাসিনা লাশের দাম তো দিতেছে ২৫ হাজার টাকা করে,Abusive,Little to None,None
456802,হাজার সোনা বেরা বাশ দিতে হবে লাখ লাখ কোটি টাকা লোড পাঠ বিদেশে পাচার,Profane,Severe,None
498531,নিউজটা শোনার পরে আমি খুব খুশি হয়েছি ধ্বংস হয়ে যা বাংলাদেশ চোর চোট্টা সব,Abusive,Mild,None
776108,ভাই রে রে রে রে রে ভাই অবাক হ্যাক করেছিল সময় টিভিকে এখনও মনে হয় হ্যাক ই আছে সময় টিভি তোমার আত্নার মাগফিরাত কামনা করি আমিন সবাই আমিন লিখুন,Abusive,Little to None,None
263079,এটা কি কোন ইতিহাস করার মত বিষয়,Abusive,Mild,None
754006,এমন ভুমিকম্প সিরিয়ায় না হয়ে ভারতে কিংবা নেপালে হলে আজকে এইখানে কমেন্ট করা অনেক মুমীন বান্দায় তখন এইটাকে আল্লার গজব বলে শুকরিয়া আদায় করতো,Abusive,Little to None,None
773590,অনেক আগে থেকেই ফাকিস্তানে এসব সন্ত্রাসী ও জঙ্গি গোষ্ঠীকে পালন করে আসছে তাই রাজনীতিবিদরা এমন হামলার স্বীকার হয় এসব হামলার তীব্র নিন্দা জানাই,Political Hate,Mild,None
876730,দুবেলা ভাত নাই অাইফোন,Abusive,Mild,None
645545,ভারতে গিয়া হাতেপায়ে ধরে বলে আসবে তাকে যেন এইবারও ক্ষমতায় বসায় যেভাবেই হোকআর বাকিটা থাকবে শাকদিয়ে মই ডাকা,Abusive,Little to None,None
652925,সম্পুর্ন মিথ্যা কথা এই চাল গুলো সাধারণ জনগণ পাইনা এই চাল গুলো আওয়ামী সদস্য ও আওয়ামী পরিবারের মধ্যে কার্ড বিতরণ করে চাল গুলো দেওয়া হয়,Abusive,Little to None,None
211064,সব মিথ্যা বানোয়াট কথা জনগনকে ভুল ভাল বোঝাচ্ছে আওয়ামী লীগ ফের বিনা ভোটে সরকার হওয়া জন্যে নাটক সাজাইছে জনগন সব বোঝে,Political Hate,Mild,None
316017,আমাদের পাপন নান্নু সুজন এদের বাদ দেয়া হোক,Abusive,Little to None,None
163734,খুশী হওয়ার কিছু নেই এটা খুনী হাছিনার উন্নয়ন ১০কাজ হবে বাকীটা জয়বাংলা হয়ে যাবে নয়ত আরও তিন চার দফায় বরাদ্দ বারিয়ে ৩২০০কোটি হবে উন্নয়ন উন্নয়ন উন্নয়ন উন্নয়ন উন্নয়ন উন্নয়ন উন্নয়ন উন্নয়ন উন্নয়ন উন্নয়ন উন্নয়ন,Political Hate,Mild,None
77995,ডলার সংকট এবং রোহিঙ্গা সংকটের সমাধানে যুক্তরাষ্ট্রের সাথে আরও বেশি আলোচনা করা উচিত,Political Hate,Little to None,None
504211,সবাইকে বিনীত অনুরোধ করছি কেউ বিদ্যুৎ বিল দিবেন না বিদ্যুতের লাইন কাটতে আসলে ওদেরকে হোগামারা দিবেন,Profane,Severe,None
762492,কাংলু গুলো কই এখন দেখ মোদির,Abusive,Little to None,None
250272,এই দেশের গরিব দুখি মানুষের কাছ থেকে শুধ খেয়ে বিদেশিদের পিছনে ব্যয় করে এই দেশের মানুষের জন্য উল্লেখযোগ্য কিছু করেছেন কিনা আমার জানা নাই,Abusive,Severe,None
683029,বাংলাদেশে আসছে ভালোকথা আসার আর জায়গা পায় নাই,Abusive,Little to None,None
783606,মরনের পরে ও মায়ের কুল জাননাতের কুল ফজিলতেেনেছার গান চুরী বাকি আছে আপনার জীনটা নেয়া,Abusive,Little to None,None
411539,পাকিস্তানের মানুষ না খেয়ে মরে বাপ বেটা টাইটানিক জাহাজ দেখতে গেছে,Abusive,Little to None,None
757617,ভিক্ষা দিয়ে জয়লাভ করা যায় না,Abusive,Mild,None
306004,সময় তো প্রচুর তেল মারে এটা জানতে বাকী নেই,Abusive,Little to None,None
462026,ভাই মিনিট সেকেন্ড এর ভিডিওতে দুইবার নগদ এর এড দিলেন আবার উপরে একটা স্টিকার আছে নগদ এর মানুষকে কত বড় জিনিস করে রাখছেন আপনারা আর প্রত্যেকটা চ্যানেল নগদ এর অ্যাড দেখতে দেখতে এখন আপনাদের ভিডিও দেখতে বিরক্ত লাগে আমার মনে হয় নগদ বাংলাদেশে বেশিদিন টিকবে না মানুষের সফলতা না তো ভালোই করতে পারেন নিজেদের একটু সমালোচনা করেন এখন আপনাদের সাথে ফালতু ইউটিউবাররা ও অনেক ভালো,Abusive,Little to None,None
861855,চরম লজ্জাজনক সিদ্ধান্ত,Abusive,Little to None,None
306874,এই তরুনরাই বাল ছিরে কানে বেদে দিবে,Abusive,Mild,None
728574,ছাগলের গাছ খেয়ে রিপোর্টিয়ং ভিডিও দেখাছে আমেরিকান এফ৩৫ বলছে রাশিয়ান মিগ৩১ রামছাগল,Abusive,Mild,None
405059,তুমাদের দুর্গা মা কালিমা শরোশতি ৩৩কোটি দেব দেবি একখন কোথায় আল্লাহ আপনি সবাই কে হেফাজত করুন আমিন কালেমার দাওয়াত দিয়া গেলাম লা ইলাহা ইল্লাল্লাহু মুহাম্মাদুর রাসুলুল্লাহ সাঃ,Religious Hate,Little to None,None
371175,বাইডেনের পদত্যাগ চাই,Political Hate,Severe,None
162667,বাংলাদেশী ব্যবসায়ীরা হলো সুযোগ সন্ধানী এরা লোভী প্রতারক এরা চাই একদিনে কোটি টাকা ইনকাম করি,Abusive,Mild,None
795031,আবার উত্তেজনা বারাচ্ছে,Abusive,Mild,None
131475,এদের ফাসি চায় এরা মানুষের বাচ্চা না এরা হোলো ছায়কো মানুষের কষ্টে এরা আনন্দ উপভোগ করে,Abusive,Severe,None
40909,ক্রোসফায়ার দেওয়া হোক,Abusive,Mild,None
661471,ইমরান মানুষ ভালো নয়,Abusive,Mild,None
345463,বাংলাদেশে জত মন্দির ভা্্চুর করা হয়েছে এবং মানুসের প্রতি যে নির্যাতন করা হয় তাতে ওরটা বাংলাদেশে উঠা উচিত টুপি ধারি মোল্লারা মরে জাক,Religious Hate,Severe,None
601504,গুজবকারীরা হতাশ হয়ে এখন জানি আবার কোন গুজব সৃষ্টি করার চেষ্টা করতেছে,Abusive,Mild,None
311999,বালের নিউজ আফগানিস্তান কে সবার সাপোট করা উচিত,Profane,Severe,None
653528,যতদিন ভারতবিরোধি রাজনীতি বন্ধ না করবেন ততধিন এভাবেই ধুকে ধুকে মরবেন,Political Hate,Mild,None
829385,এখন দেখো নিজ দেশ থেকে চলে যেতে কেমন লাগে,Abusive,Mild,None
629590,বিদেশি ডিজাইন চুরি করেছে,Abusive,Mild,None
743699,শালারা এমন ভাবে শুক্রবার শুক্রবার কইতাছে মনে হয় আগামী শুক্রবার খেলবে হালায় গাজা খাইছে,Profane,Mild,None
784573,এত জাঁকজমকপূর্ণতা কোথায় এখনসেই সারে তিনহাত মাটি,Abusive,Severe,None
172941,এই জারজ গুলা আবার মাথা চারা দিয়ে উঠছে এগুলো তো চরিত্রের ঠিক নেই এই জন্যই এই অবস্থা বোর্ড শেষ ওদের নষ্টামি শুরু ওদের তো আর চরিত্র ঠিক নেই দামি বোর্ডে যা হয় তার কিছু চরিত্র শুরু হয়ে গেছে,Profane,Severe,None
67707,কাউয়া কাদের পাগল হয়ে গেছে,Abusive,Little to None,None
366552,সময় এসেছে জুতাপেটা খাওয়ার,Abusive,Mild,None
187646,আবার সুরু হইয়া গেছে,Abusive,Little to None,None
332146,তুই তো নাই ক্যমনে থাকবি তৈরি উড়ন্ত দলটাকে মাটিতে নামিয়ে আনলি,Abusive,Mild,None
857813,বাকসাল তো কায়েম করতেই দিলেননা তার আগেই তো মেরে ফেললেন,Abusive,Little to None,None
538218,নটি আর লুচ্ছারা যদি সংসদে যেতে পারে সে কেন নয়,Profane,Little to None,None
673257,বাঙালী জাত তাই নিঃকৃষ্ট জাত এই দুনিয়ায়,Abusive,Mild,None
666254,সব খানে একি লচা,Abusive,Mild,None
174319,আহ নতুন ভাবে করতে পারলে তো লাখ লাখ টাকা পকেটে ঢুকাতে পারবে চোরের বাচ্চারা আরে এই দেশে সব জাগায় চোরসুধু ধান্দায় থাকে কোন জাগা থেকে কতটাকা চুরি করা যায়,Abusive,Mild,None
598955,দুনীতি বাজ মহিলা,Abusive,Mild,None
200307,জি একজন্য সম্মেলনে হাসু আফা মাঠি দিয়ে হেটে গেচে,Abusive,Little to None,None
856334,এই ছেমরি তুই দুধ পেট পিঠ বের করিস তাতে তোর কোন সমস্যা না হলেও সাধারণ মানুষের লজ্জা তুই আবারো প্রমাণ করে দিলে যে তুই একটা বেহাইয়া পরিবারের সন্তান,Abusive,Severe,None
479208,প্রাণের খুলনা দিনে দিনে শয়তানের শহর সিলেটের মত হয়ে যাচ্ছে চোরবাটপারের শহর সিলেটআমরা খুলনাকে নিয়ে গর্ব করতাম এখন খুলনা একই পথে এর সাথে প্রচুর পুলিশ জড়িত,Abusive,Severe,None
665864,এসব নাটক জনগণ সুডে না,Profane,Severe,None
880398,এক খাবার কতদিন আর ভাল্লাগে,Abusive,Little to None,None
675917,ভূমি অফিস হলো ঘুস বানিজ্যর কারখানা,Abusive,Mild,None
216697,দেশের জনগণের সম্পদ নষ্ট করা মোটেই কাম্য নয় এটি একটি অপরাধ মূলক কর্মকাণ্ড কারণ কার্পেটের রাস্তাগুলো নষ্ট হচ্ছে প্লীস এগুলো বন্ধ করেন,Political Hate,Little to None,None
317283,কাচা মরিচ আর ডিমের দাম কেনো বাড়লো আসুন যেনে নেই১৯ নভেম্বর কোটি কোটি ভারতীয় দের কান্নায় ভেসে গেলো ভারতের চায়ের কাপ পুটকি দিয়ে ১ হাত লংকা কাচা মরিচ আর সাথে ডিম ভরে দিল তাই বেড়ে গেল ডিম মরিচ এর দাম আমামী ২০ বছর কাপ তো দুরের কথা ফাইনাল ও খেলতে পারবি না আকাডা কারন তরা মাঠে না খাটে ভালো খেলছ,Profane,Severe,None
710435,বাংলাদেশের মিডিয়ার এই অবস্থা দেখে আমি পাগল হয়ে যাবো,Abusive,Little to None,None
367190,সাবাস ইজরায়েল এগিয়ে যাও মুসলিমদের যেন চিহ্ন ও না থাকে শুভ কামনা রইল বাংলাদেশ থেকে,Abusive,Severe,None
789897,তালেবান আল্লাহর আইন অনুযায়ী বিচার ফয়সালা করছে নাশিয়াদের অনুষ্ঠানে কি শুভেচ্ছে জানাচ্ছেওদের সাথে এমনই হওয়া উচিত,Religious Hate,Mild,None
484815,জেলে দিন ফাঁসি দিন না জানি কত মানুষ ব্লাড কেন্সারে মারা যাচ্ছে আমার বোনও ব্লাড কেন্সারে মারা গেছে,Abusive,Mild,None
99250,নৌকা যেখানে নিশিরাইতের নির্বাচন সেখানে নিশিরাইতে নির্বাচন যেখানে জনগণ নাই সেখাানে,Political Hate,Little to None,None
410660,৩৫০ লক্ষ টাকায় অবৈধ কেন যেতে হবে আবাল জাত,Profane,Severe,None
664064,এই মাদক ভারত থেকে এনে বাংলাদেশ ধ্বংস করা হচ্ছে,Abusive,Little to None,None
446546,আল্লাহ হেদায়েত না থাকলে গজব পরুক,Religious Hate,Mild,None
674853,সংসার টিকবে কি করে মেয়ের বাবার নিয়তই খারাপ মেয়ে বিয়ে দেওয়ার সময় ভাবে দেনমোহরের টাকা বেশি ধরতে হবে যদি মেয়েকে তালাক দেয় তাহলে বেশি টাকা দিয়ে মেয়েকে তালাক দিবে পরে অন্য কোন ছেলের সাথে আবার বিয়ে দিয়ে দিব আর ছেলে ছেলের বাবা ভাবে দেনমোহরের টাকা তো দেওয়া লাগবে না যা ধরে ধরবে তাতে আমার কি মেয়ের বাবা যা ধরেছে ছেলে তাতেই রাজি হয়,Abusive,Mild,None
601938,এক হাজার না দুই হাজার নাগরিক পুলিশের হাতে মারা যায় তো কি হয়েছে তোমরা নিষেধাজ্ঞা দিচ্ছ না ক্যান বড় বড় পুলিশ ওপিসারদের বিরুদ্ধে নিষেধাজ্ঞা দাও সহাস থাকলে,Abusive,Severe,None
313487,খানকির পুলারা মাদারেরবাচ্চারা আমাদের মাথারগামের টাকা টেক্সেরটাকা দিয়া তোদেরকে বিদেশে পাঠায় খেলার জন্ন পুত্তি করার জন্ন নয় আয়দেশে পাইলে ডিমথেরাপি দিমু,Profane,Severe,None
868255,জিতবে তো মেসি কিন্তু আপনারা যারা সাংঘাতিক তারা ফালতু প্রতিবেদন না করলে ভাত খাবেন কিভাবে,Abusive,Little to None,None
504385,এসব কিয়ামতের নমুনা,Abusive,Severe,None
213800,খুনিসন্রাসীসরজনত্রকারীলুটেরাদের নেতার দল বি এন পি সমর্থন কারীরাও একই মনবৃত্রী লোক,Political Hate,Mild,None
273445,মিথ্যা বাদি মহিলা হাসিনা,Abusive,Little to None,None
180879,মোর টা ইমারজেন্সি ভাবে ঘুড়িয়ে দিল ১ দফা আর ১দফা থাকলো না,Abusive,Little to None,None
524777,বেশি অহংকার হয়ে গেল না একটু ভেবে কথা বলবেন বেশি অহংকার পতনের মূল মনে করে দিলাম,Abusive,Little to None,None
158044,এর টাকা দিয়ে যা ইচ্ছে তাই করতেছেএর পরেও দেশকে ঋণী করে রাখছে আবার অন্য দেশের তুলনায় আমাদের দেশের সবকিছুর দাম অনেক বেশি যা দিয়ে মানুষ বেচে থাকেসেগুলোর দাম কমাতে বলেন আওয়ামিলীগকেআওয়ামিলীগ সারা জীবন সরকার হইয়ে থাকুক মানা নাইদেশের মানুষ যেন ভালো ভাবে বাচতে পারে সেইটা আগে ঠিক করতে বলেন,Political Hate,Little to None,None
939224,সাংবাদিক সহ যারা এই প্রশ্নটা করেছে তারাই ষ্টুপিড ওপেনিংয়ে তামিমের বিকল্প খুঁজেই পাচ্ছে সেখানে তাকে চার নাম্বারে ব্যাটিং করার কথা ভাবা হচ্ছিলো,Abusive,Severe,None
129845,ভাগ খাচ্ছে তাই চুরি চলছে,Abusive,Little to None,None
821349,অন্যের উপর নির্ভর করলে ভবিষ্যতে না খেয়ে থাকতে হবে বর্তমানের ফল নাউ স্বনির্ভর হতে হবে স্বনির্ভর হও উন্নত কর দেশ বাঁচাও,Abusive,Little to None,None
564358,সাবেক রাষ্ট্রপতি সাবেক স্পিকার সংসদ সদস্য জনাব আব্দুল হামিদ সাহেব ব্যক্তি হিসেবে ভালো তবে রাষ্ট্রপতি হিসেবে নয়,Abusive,Little to None,None
794600,বাংলাদেশে হিজলার পেটে বাচ্চা বানাতে পারবেন কিন্তু পাসপোর্ট বানাতে পারবেন না এতো সহজে,Abusive,Little to None,None
707751,দ্বিনি শিক্ষা না থাকার কারণে আজ এই অবস্থা,Religious Hate,Little to None,None
639055,হাতে চুরি পড়ে বসে থাকো,Abusive,Little to None,None
97953,তুমি জিতলে সেটা ক্রিকেট এর জন্যেই খারাপ হবে তুমি ভিষন সার্থলোভি,Abusive,Mild,None
422298,ভারত ও চিনকে কোপোকাত করতে বাংলাদেশকে অনেক দরকার বাংলাদেশ আমেরিকার চালাকি বুঝতে পারবে ইনশাআল্লাহ,Political Hate,Mild,None
671371,যেমন নেতা তেমন দেশতেমন চিকিৎসক বলে একটা করে আরেকটা,Abusive,Mild,None
492110,দেশের অবস্থা খুব খারাপ আইনের শাসন কম,Abusive,Little to None,None
740315,চিনের সাপের মাথা মতো বিষাক্ত,Abusive,Little to None,None
324593,পশুরা কাপড় পড়ে না আর গায়ে দিয়ে দিলে রাখতে চায় না অবাক কান্ডকাছাকাছিই আছেন এই দাবি তো রাখতেই পারি যেটুকু আছে সেটুকু ত্যাগ করা যায় কিনা সাহসী হন না ম্যাডাম ইদানীং এই ট্রেন্ড দেখা যাচ্ছে কাপড় ছাড়া থাকা যায় কিনা শরীর নিয়ে উনারা বড় সমস্যায় আছেন,Abusive,Severe,None
817225,এসব কি ইহুদীর বাচ্চারা চোখে দেখে না,Religious Hate,Severe,None
558246,ফোনদে বাল উঠছে,Profane,Severe,None
668515,মনু হান হান হয়ে গেছে এই মাসে কুকুর হান বাল হানভাই আপনারা সবার আসল নাম বলে নিউজ করবেন এই সব আবাল হান দেশের টা বাজিয়ে চারবে,Profane,Mild,None
600112,এই সালারা কোথায় থেকে ছাড়া পায়,Profane,Little to None,None
671088,হুঁ বাড়ার খবর শুনলে তাড়াতাড়ি বেড়ে যায়,Sexism,Mild,None
907393,রাজনৈতিক নাটক সব,Political Hate,Little to None,None
448448,বাইনচোদরা এখন খবরের ভিতরে বিজ্ঞাপন চুদায়,Profane,Severe,None
298650,চাপা আর কত ভোট ছাড়া পাগল একটা যদি ১০ বছর ক্ষমতায় থাকতো আরও কয়েক গুণ বেশি উন্নত হতো কারণ শিক্ষীত চোরের চোরের চেয়ে একজন পাগল অনেক ভালো,Abusive,Mild,None
361165,দখল দার ইহুদি গোষ্ঠী ইজরায়েল অমানুষ বাহিনী ধংস হবে ইনশাআল্লাহ অচিরেই,Religious Hate,Severe,None
653278,দাম বাড়ার কারন কিগাড়ি ভাড়া কি বাড়ছে হলুদ সাংবাদিকতা বাদ দিয়ে বাস্তবে আসেনচোখে আঙুল দিয়ে দেখাইয়া দেই ট্রাকের মালিকরা না খেয়ে মরার উপক্রম তার উপর আবার গাড়ির কিস্তি সরেজমিনে যাচাই করে তারপর নিউজ করেন,Abusive,Little to None,None
299351,কিভাবে যে সে এখনো মন্ত্রী আছে আল্লাহই ভাল জানে মূলত আমাদের বাঙ্গালীদের শরম লজ্জা খুবই কম,Abusive,Mild,None
413800,শয়তানের মরন গাছের আগায়ঁআমেরিকার এখন সেই অবস্থা,Abusive,Little to None,None
258036,আমাদের মাননীয় প্রধানমন্ত্রী একজন বিশ্ব নেত্রী এইবার উনাকে আমেরিকান প্রেসিডেন্ট ক্যান্ডিডেট করা হবে জয় বাংলা,Political Hate,Mild,None
621416,শেখ হাসিনার বিচার একদিন হবে,Political Hate,Little to None,None
598601,ওটা হলো কম্বল চোরের বংশধরদের মিলন মেলা,Abusive,Severe,None
533781,বালের এড বিরক্ত,Profane,Mild,None
152657,জেনে শুনে ভুল করা ডং করা তাতে কিছু যায় আসে না এখানে একটা গ্রুপ আসে এরা জানে অবৈধ জায়গা গিয়ে গর বাড়ি করলে উচ্ছেদ করে দিবে তবুও কেনো বাড়ি করতে যায়শহরে ফুটপাতে অবৈধভাবে হকাররা দোকান বসাই দখল করে যখন সিটি দোকান উচ্ছেদ করে তখন বলে আমাদেরকে জানোনা হয় নাই অবৈধ জায়গায় গিয়ে থাকলে এরকম হবে লজ্জা শরম বলতে কিছু নাই সাধারণ চিন্তা করলে তো বুঝা যায়,Abusive,Mild,None
852400,ঐহালারে জুতা পিটা করা হোক এমন লোক কে বাঁচিয়ে রাখলে মানুষের খতি করবে,Abusive,Severe,None
137788,ডাহা মিথ্যা কথা সব জানো কারসাজি,Abusive,Little to None,None
542185,মেয়াদ উত্তিন্য গাজা খাওয়ার প্রমান,Profane,Mild,None
330604,অনেক বড় দুধ,Profane,Severe,None
555246,আপনাদের হাতের মোবাইল আওয়ামিলীগ সরকার দিয়েছে নিয়েও নিয়েছে চো মারানির বাংলাদেশ,Profane,Severe,None
638235,প্রধানমন্তীকে ধন্যবাদ কিন্তু বাড়ি তৈরির প্রস্তাব আগেই দিয়ে দিয়েছেন ব্যরিস্টার সুমন তার আগে কারো চোখে পড়ে নাই,Political Hate,Mild,None
49076,আল্লাহ যেন এগুনের বিচার করে,Religious Hate,Mild,None
411675,যুক্তরাষ্ট্র সব সময় ভাল এবং মন্দ দুটোকেই হাসি মুখে গ্রহন করে কিন্ত ভয় একটাই ওরা ছাড় দেবেনতো ছেড়ে দেবেননা আর যদি তাই হয় তবে যে সব বেহেস্তে যাবে,Abusive,Severe,None
47811,জনাব আসসালামু আলাইকুম সকল গাড়ি চলাচল এর অনুমতি কোথায় একটা মোট সাইকেল চলতে দেয় না কি রে ভাই,Abusive,Mild,None
312650,ও যে আর বিশকাপ না খেলে তাতেই আমরা খুশি,Abusive,Little to None,None
578353,নতুন ধান্দা টাকা মারার,Abusive,Little to None,None
873001,বারসেলোনার মত হুগা মারা খাবে পি এস জি,Profane,Severe,None
363289,কোথাও পাঁচ শতাংশ ভুয়া খবর,Abusive,Little to None,None
35766,একটি নতুন গান তিনবার বা চারবার শুনলে ও ভালো লাগে কিন্তু এই বিষাক্ত আল্লার নাম শুনলে মাথার সব বুদ্ধি ব্যাংয়ের মতো লাফিয়ে নর্দমায় চলে যায়,Religious Hate,Mild,None
903493,আইসিসির উচিত ভারতে কোন ধরনের খেলা আয়োজন না করা আর যদি ভারত থেকে ধান্দা করতে চান পাকিস্তানকে বাদ দিতে হবে,Abusive,Mild,None
764036,পেলেই দাদা না পেলেই বোকাচোদা পাকবীজ ৷ ভালোবাসা উভয় তরফ থেকেই দরকার ৷ ভারতের সেন্য ক্ষতিগ্রস্থ হলে তারা মজা পায় ৷ স্বার্থলোভীরা হিন্দুদের ওপর চরম অত্যাচার করে ৷,Abusive,Severe,None
451146,জেলা পরিষদ চেয়ারম্যান এর একটা চোখ গেছে তারপরেও মিথ্যা বলতেছে,Abusive,Mild,None
185611,চাপা না মেরে করে দেখান,Abusive,Little to None,None
514727,বাংলাদেশে এখন পুলিশের রাজত্য,Abusive,Mild,None
495967,কিভাবে কাজ শেষ সব টাকা নিয়ে যায় নিশ্চিত চোরের কারবার,Abusive,Little to None,None
477655,এবার তাহলে ইলিশ এর তাম হবে ১ হাজার টাকা,Abusive,Little to None,None
262701,মিথ্যাবাদী মহিলা খমতা সারা জীবন থাকে না বি এন পি এক দিন এর জন্য ঠিকই প্রতিশোধ নিবো,Political Hate,Severe,None
486588,কোন লাভ নাই৷ যারা বসবে সবাই দুর্নীতিবাজ,Political Hate,Mild,None
597266,মার্কিন নিষেধ আগ্যা বেআইনি,Abusive,Mild,None
259549,মেডাম এর কথায় কথায় আটকাচ্ছে কেনো চোর বা মিত্থুক যখন কথা বলে এমটাই হয়,Abusive,Little to None,None
414795,পৃথিবীর সবচেয়ে নিকৃষ্ট একটা দেশ সৌদি আরব যেখানেই সুযোগ পায় সেখানেই জঘন্য কাজ করে,Abusive,Severe,None
779036,এ কি খবর বারবার,Abusive,Little to None,None
932941,নাইম শেখ কে বাংলাদেশ টিমে খেলানো হলে তাহলে পুরা টিমের গোয়া মারা যাবে,Profane,Severe,None
714166,পোশাক টা খোলা মেলা হলে ভালো হতো না তোর মুখে এটাই মানাই ছাগল,Profane,Severe,None
845876,পর্যপেক্ষকরা ঘুমিয়ে থাকবে আর আপনারা রাতেই ভোটচুরি করে ফেলবেন,Political Hate,Mild,None
468060,ওরে গাধার দল এই গুলি নিলামে তুললেইতো হয়,Abusive,Little to None,None
693822,সরকার কি বাল ছেড়ছেদেশের সার্বভৌমত্ব রক্ষার্থে সরকারের প্রয়োজনীয় পদক্ষেপই তো দেখতে পাচ্ছি নাবাংলাদেশের সীমান্তের মধ্যে পরীক্ষা কেন্দ্র তাহলে তা অন্যত্র কেন সরাতে হবেবন্ধু রাষ্ট্র ভারতই বা কি করছে আসলে বিপদে পড়লে স্বার্থ ছাড়া কেউ পাশে থাকেনা এইটা মনে রাখতে হবে,Profane,Mild,None
908716,আমরা আসতেছি ভইরা দেওয়ার লাইগা,Profane,Severe,None
72048,কথার ব্যবসা রাজনীতির মূল খোরাক তার কোনো কিছুর এর মধ্যে ঘাটতি নাইযে দালালের মুখে মিঠা বেশি তার ব্যবসা ততো ভালো,Political Hate,Mild,None
603047,তোদের মতো চামচাচোদা সাংবাদিকদের কারনে দুর্নীতিবাজ আর ভোটচোরেরা এমন হয়ে গেছে,Profane,Severe,None
318915,সালার কি বলব,Profane,Severe,None
142455,এক টাকা বেতন পায় পাঁচ টাকা ঘুষ খায় এক গনডা করে বিয়ে করে,Abusive,Little to None,None
455550,রাষ্ট্রভাষা বাংলা চাই ইংলিশ ছাড়া চাকরি নাই হিন্দি ছাড়া অনুষ্ঠান নাই,Abusive,Mild,None
165654,তোর মত পাগল আরতো দেখিনারে,Abusive,Mild,None
889040,বাংলাদেশ ক্রিকেটের দায়িত্বে আছে যারা তাদের বেতন না দিয়ে কয়টা গরু পারলে ভালো হবে ঠিক আছে,Abusive,Mild,None
559356,হায়রে উন্নয়ন চারিদিকে শুধু উন্নয়ন,Abusive,Little to None,None
643230,বাংলাদেশের মানুষ অনেক সমস্যায় আছে তাদের জন্য,Abusive,Mild,None
782833,অভিযোগ এর কি আছে যুদ্ধ করতে গেছেবিয়াই বিয়াই খেলতে যায় নাই,Abusive,Little to None,None
842908,ভোট চুরি করলে আইন মানা হয়,Political Hate,Mild,None
156098,তাতে আমার বাল ছিড়া যাবে শালারা কর্ম সংস্থান না থাকলে ৫ ঘণ্টায় ঢাকা গিয়ে ছিড়িস নতুন মফিজ,Profane,Severe,None
95327,আপনি তো শিক্ষাই নাই তোর লজ্জা লাগেনা যে তোর কোনো শিক্ষা তো নাই বাটপারি কইরা জালিয়াতি কইরা সার্টিফিকেট বানাইছোস সময় শেষ,Abusive,Little to None,None
600298,আমি একজন হুজুর কিন্তু আমাকে সাপোর্ট করতে নাও পারে ইসলামে ফুটবল খেলা সম্পূর্ণ নিষিদ্ধ কারণ ফুটবল খেললে কেমন যেন জুয়া খেলার মতো লাগে না মানার কিছু নেই কিন্তু এটাই ইসলামে ফুটবল খেলা সম্পূর্ণ নিষিদ্ধ কারণ ফুটবল খেলা মানে কেমন যেন দেখায় যে ইসলাম কে লাঠি মারা হচ্ছে তার মানে কি বাচ্ছারা ফুটবল খেলবে উঃ না ফুটবল খেলা সম্পূর্ণ নিষিদ্ধ আমাদের কাটুন রোবট ইন্টারনেট ফিল্টার মাইক লাইট এগুলো ইসলাম থেকে সম্পূর্ণ নিষিদ্ধ ঘোষণা করা হয়েছে কিন্তু যারা এসব মানবেন না তারা কিয়ামতের দিন আল্লাহ তাদের এমন শাস্তি দেবেন যে চিল্লাচিল্লি করতেও পারবে না মাইক মানুষের কথা নকল করে তাই হারাম,Abusive,Severe,None
575229,এতদিন ঘুমাচ্ছিলেনপাছা মারা যাওয়ার পরে সব জানা যায় যে আমাদের পাছা মারা গেল,Profane,Little to None,None
555780,আমার নয় বছর বয়স এই হানা বোর্ডে আমি টা ভোট দিয়েছিলাম বর্তমান প্রজন্মের লোকজন যদি দেখত তাহলে কখনো বর্তমান সরকার কে ভোট চোর বলে গালি দিত না,Abusive,Little to None,None
497925,এডি কইরেন না একেতো বিষ প্রয়োগে হাজার হাজার মাছ হত্যা হয় লাখ টাকার লোকসান হয় একটা খাদ্য ঘাটতি হয়যার পুকুরে সে কাম করলেন তার অপূরনীয় ক্ষতি হয়ে যায় এক কামে এত্তডি গুনাহ করলে স্বয়ং আল্লাহ আপনাকে ছাড়বে না,Abusive,Little to None,None
571921,কেন ঠুক করে লাইসেন্স বাতিল করুন,Abusive,Little to None,None
652421,সব বেইমানের গড ফাদাররা একসাথে৷,Abusive,Little to None,None
260841,জনগণ চায় উনি যাতে ক্ষমতায় না থাকে,Abusive,Mild,None
811207,এসব বোকাচোদারাই আবার বিশ্ব শান্তির কথা বলেযেখানে নিজের দেশেই শান্তি নেইকোন মুসলিম দেশে এমন ঘটনা ঘটলে এই শালারা সেই দেশকে রক্ষা করার নামে একেবারে ধংস্স করে দিতএখন চীন রাশিয়ার উচিত যুক্তরাষ্ট্রের নাগরিকদের রক্ষা করার জন্য সামরিক সাহায্য পাঠানো,Political Hate,Severe,None
177425,২০১৯ এর পর থেকে বিশ্বে যা শুরু হইছে মনে হয় কিয়ামত দেখতেছি,Abusive,Little to None,None
610573,আপনি যে ইন্ডিয়ার কাছে গিয়েছিলেন সেটা কে বলবে আমি ভারত কে বলে এসছি আমাদেরকে খমতায় টিকিয়ে রাখতে,Abusive,Little to None,None
767182,ভারত আমাদের বন্ধু রাষ্ট্র হয়ে আমাদের দেশ থেকে সব কিছু লুটে নিয়ে যাই,Abusive,Severe,None
91301,কে কে আছেন ৭ তারিখ নির্বাচনে ভোট দিতে যাবে না,Political Hate,Mild,None
588589,দেখা যাক কত শতাংশ ভোটার যায় ভন্ডামীর এই ই ভি এম মেশিনে ভোট দিতে,Political Hate,Mild,None
140390,সম্পূর্ণভাবে খবিস জিনদের কর্মকান্ড এগুলা,Abusive,Mild,None
774516,লুলা পৃথিবী ধ্বংস করবে,Abusive,Little to None,None
440378,ইউক্রেন সারা বিশ্বকে ধ্বস নামিয়ে দিয়েছে আমরা মনে করব এখানে থেমে যাওয়া উচিত,Political Hate,Little to None,None
280302,হরতালে নাশকতা সরকারের খামখেয়ালিপনা সরকার গনতন্ত্রের পতি দুর্বল না জেটা আইনে ছিল না,Political Hate,Mild,None
78816,সন্ত্রাসের অধিকার না পাওয়া পর্যন্ত মানে পকেট গড়ের মাঠ লোটপাট চুরি ডাকাতি দরকার,Political Hate,Mild,None
853432,পুরান পাগল ভাত পায়না অার নতুন পাগলের অামদানিকোথায় থেকে অাসে এসব,Abusive,Little to None,None
364276,জয় হয় জনগণের চাওয়া পূর্ণ হক বাংলাদেশের মানুষের চাওয়া পনের বছর অনেক কষ্ট স্বীকার করা হয়েছে আর না এখন অধিকার চাই সুন্দরভাবে বাঁচতে চাই,Political Hate,Mild,None
343762,তোরা কি সাংবাদিক না কুত্তালীগ মানুষের না বিশ্বাস উঠে গেছে জিনিসপত্রর দাম আরো বাড়িয়ে দিয়েছে তোরা স্মার্ট বাংলাদেশ স্মার্ট ৷ উন্নয়নের মায়েরে চুদি,Political Hate,Severe,None
531356,কতদিন গেলে শুনা যাবে পরীমনির মতো ৩৪ টা বিয়ে করছে বেশি জনপ্রিয় হলে যেটা হয় আর কি,Abusive,Little to None,Individual
826344,বাংলাদেশ হইলে দেখতেন কিভাবে দাম বাড়ায় দিতো,Abusive,Little to None,Society
791877,তেল কেনা শেষ ভোট তো বিপক্ষে যাবে,Political Hate,Little to None,Organization
124392,এই রকম টানেল শুধু বাংলাদেশে আছে পৃথিবীর আর কোন দেশে নেই হা হা সময় টিভি,Abusive,Little to None,Organization
111565,এতদিন ইতিহাসে কেবল মীর জাফরের নাম পড়েছি এবার সেই মীর জাফরকে বাস্তবে দেখা গেলো শাবাশ বাংলার মীর জাফরের প্রেতাত্মারা যুগে যুগে এভাবে তোমরা বাংলার বুকে বিশ্বাস ঘাতকতা করতেই থাকবে,Abusive,Little to None,Individual
107100,এটা হলো আওয়ামী লীগের নাটক,Political Hate,Little to None,Organization
91497,জয় বাংলা বিম্পি যতই নাশকতা করুক অলরেডি আবারও জিততা গেছেগা নৌকা,Political Hate,Little to None,Organization
571083,নোবেল একটা সুদি ইউনুসকে বলিস তার পিছনে দিয়ে ঢুকিয়ে রাস্তা রাস্তায় ঘুরতে,Profane,Little to None,Individual
5297,এসব কেউটে সাপদের জায়গা দিয়ে বিরাট ভুল করছে,Abusive,Little to None,Community
692607,এটা নতুন কিছুই নয় বাংলাদেশের সকল সরকারী হাসপাতালের ওয়ার্ড বয় সকল প্রকার দালালী করে বিশেষ করে বেড দালালী যারা টাকা বেশী দিবে তাদের বেড দেওয়া হয়,Abusive,Little to None,Society
110591,আওয়ামী লীগের বি টিম,Political Hate,Little to None,Organization
6790,তোমরা সারা জীবন ক্ষতি এ দেখো,Abusive,Little to None,Community
2583,বাংলাদেশ যেনো ফিলিস্তিনের মতো না হয় ইহুদিরা এই ভাবে ফিলিস্তিনে ডুকছে,Abusive,Little to None,Society
381979,যুক্তৰাষ্ট্ৰ যদি এই যুদ্ধেৰ মদতদাতা হয় তা নিন্দাজানাই,Abusive,Little to None,Society
144994,কৃষি অফিসারদের সারা বছর খুজে পাওয়া যায় না মিডিয়ার সামনে পেলেই বলে আমরা তো সহযোগিতা অব্যাহত রাখছি,Abusive,Little to None,Community
870913,বাফুফের সভাপতি কাজি সালাউদ্দীন কে নিষেধাঙা উচিত,Abusive,Little to None,Individual
896697,আগের ওয়ানডে স্কোকার্ড টা নাই তাই ব্যর্থ,Abusive,Little to None,Organization
258725,এটা অনেক আগ থেকে বলা হছে কিন্তু কাজের কাজ জিরো বাস্তবায়ন করুন তাহলে না জনগন বুঝবে,Abusive,Little to None,Individual
226135,আমি বঙ্গবন্ধুকে অনেক আগে থেকে লাললন করি এর কারণ হচ্ছে আমি তার লেখা অনেক বই পড়েছি এরমধ্যে অন্যতম হচ্ছে বঙ্গবন্ধুর অসমাপ্ত আত্মজীবনী এইটা হচ্ছে মাহির কথা আমার কথা হচ্ছে কবে লিখেছেন এই বইটা বঙ্গবন্ধু ছাগল একটা,Abusive,Little to None,Individual
485008,সব যায়গায় সবাই চোর হয়ে বসে আছে জনগণের টাকা খাওয়ার জন্য,Abusive,Little to None,Organization
344565,মাশাল্লাহ প্রতিদিন এ খবর শুনতে শুনতে কান শেষ,Abusive,Little to None,Organization
321233,এটা স্রেফ ফুটানি ছাড়া কিছুই নয়,Abusive,Little to None,Individual
208175,মির্জা ফখরুল ইসলাম কে অবিলম্বে না ছেড়ে দেয়া হলে সরাসরি পুলিশের কার্যালয়ে আগুন দেয়া হবে জ্বালাউ পুড়াও কর্মসূচি হবে পুলিশ বেয়াইনী কাজ করলে সাত খুন মাফ এবং বিএনপি সমাবেশ করলেই তাকে পুলিশ ধরে,Political Hate,Little to None,Individual
133106,তত্ত্বাবধায়ক সরকার আসলে সব উন্নয়ন বের হয়ে যাবে,Political Hate,Little to None,Organization
635854,ভাই ভারত থেকে আমদানি করবেন তবুও নিজিরা রিফাইনারি তৈরি করবেন না একটু সমস্যা হলেই ভারত পাইপ লাইন বন্ধ করে দিবে তখন বুঝতে পারবেন ঠেলা কাহাকে বলে,Abusive,Little to None,Society
644418,তাঁরা বরাবরই ব্যর্থ আশা করে কোন লাভ নেই,Abusive,Little to None,Community
75367,সব নাস্তিক একসাথে,Abusive,Little to None,Community
157874,সবগুলোই চুর হারামি টাকা খায়,Profane,Little to None,Community
405050,দালাল টিভি কি কয় ভোগান্তি আরও বৃদ্ধি করবে মালুরা,Abusive,Little to None,Society
909906,বাড়ি লিখছে সময় সংবাদ বাসা না লিখে ভারতীয় বাংলা কেনো ব্যবহার করছেন,Abusive,Little to None,Organization
338317,প্রধানমন্ত্রী বলবে না আপনি ভোটের অধিকার কেড়ে নিয়েছেন বর ছাড়া আপনি ক্ষমতায় বসে রয়েছেন আপনি এত ভাল হইলে আল্লাহর এত অলি হইলে সুস্থ নির্বাচন দিতেন তত্ত্বাবধায়ক সরকার দিতেন ভোটের অধিকার দিতেন আপনি একটা মেম পূর্ণি হতে পারতেন না ভোটের অধিকার দেখালে দিয়া দেখতেন,Political Hate,Little to None,Individual
291078,সামায় টিভি মানেই বিনেদন টিভি,Abusive,Little to None,Organization
647866,এইটাই দেশের জনগণের সাথে প্রতারণা যে আমারা তেলের দাম কমিছি চল্লিশ হাজার টাকার বিমানে টিকেট ১ লাখ ২০ হাজার টাকা করে তারপরে ২০ হাজার কমিয়ে দিয়েছে হ্যাঁ আমাদের দেশের সরকার প্রবাসীদের কথা চিন্তা করে টিকিটের দাম কমিছে,Abusive,Little to None,Organization
15943,মানবাধিকার কাকে বলে দেখ আওয়ামী লীগ তোরা গণতন্ত্র কাকে বলে দেখ তোরা,Political Hate,Little to None,Organization
741246,তাকে দেখলে জনি সিন্সের ফটোকপি লাগে,Abusive,Little to None,Individual
144117,খাদ্য মন্ত্রীর এখন বাজারে দেখতে সারাদিন কমছে না,Political Hate,Little to None,Individual
593869,আমাদের গাজীপুরের জনপ্রিয় নেতা আহসান উল্লাহ মাস্টারকে দিনদুপুরে মঞ্চে ভাষণ দেয়ার সময় গুলি করে হত্যা করে বিএনপি এটা কখনো ভুলে যাবার কিংবা অস্বীকার করার উপায় নেই বিএনপি যেই মায়া কান্না করে কিংবা আয়না দেখাতে চায় সেই আয়নায় আগে বিএনপি মুখ দেখুক আল্লাহ তারই শাস্তি দিয়ে যাচ্ছেন এদের,Political Hate,Little to None,Individual
694501,এইসব অশিক্ষিত মুর্খ ক্লিনিকের মালিক হইছে তাতেই বোঝা যায় ক্লিনিকের মান কেমন,Abusive,Little to None,Community
784043,ইরাকে আফগানিস্তানে লিবিয়ায় সিরিয়ায় যুদ্ধ শুরু করে তোমরা জাতিসংঘের বারোটা বাজাই দিছো জাতিসংঘের দুই পয়সার দাম রাখো নাই এখন আসছে জাতিসংঘ সনদের কথা বলতে লজ্জা হয় না,Political Hate,Little to None,Organization
13831,মালুরা এবার ইরানের পা চাটবে,Profane,Little to None,Society
216777,হিঁদু বেডায় কয় কি,Religious Hate,Little to None,Individual
449847,সেনাবাহিনীর সমালোচনা করতে থাকা সুশীল এবং পাহাড়িরা কোথায় এখন সোশ্যাল মিডিয়ায় ডায়লগ দিতেছেনা কেন,Abusive,Little to None,Community
901656,তাইলে তো ৫০ বছর হইল খেলতে চাইবো রিটায়ার আর করব না একজন যা শুরু করছে,Abusive,Little to None,Individual
475465,এরকম আরো উন্নয়ন দেখতে খাম্বার মা খালেদাকে বেশি বেশি ভোট দিন,Political Hate,Little to None,Society
121027,এটা আবার নতুন কি ঐ বেড়া আজ আপনাদের চোখে আসছে রোহিঙ্গারা চিটাগাং বিয়ে করে বাচ্চা বানিয়ে ফেলেছে আর আপনি আছেন বেড়া ভেঙে বাইরে আসছে,Abusive,Little to None,Individual
723502,পাকিস্থান মানেই যেন বিনোদন,Abusive,Little to None,Society
674516,মুখে দাড়ি রেখে কিভাবে মিথ্যা কথা বলে মানুষ আল্লাহ হেদায়েত কর এসব মানুষদের,Religious Hate,Little to None,Community
163349,কবর নয় নগদের যন্ত্রণায় আমরা অতিষ্ঠ,Abusive,Little to None,Organization
61510,সময় চ্যানেল এর হলুদ সাংবাদিক তাও বলে না প্রকাশে নৌকায় সিল মারছে,Political Hate,Little to None,Organization
845497,আসবেই তো আওয়ামী লীগ ক্ষমতায় আসার কারণে শরীরে চর্বি জমে যাচ্ছে এত সুখ,Abusive,Little to None,Organization
264754,এই যুদ্ধে দরবেশ কাকু আরো টাকা পাচার করতে পাবেন,Abusive,Little to None,Individual
506353,সময় টিভি তো আওয়ামী লীগের গুনোগান প্রচার কেন্দ্র,Political Hate,Little to None,Individual
917711,সিলেটে সব আজাইরামানুষ খেলা দেখার জন খুব বাঝে ব্যাবহার করে,Abusive,Little to None,Community
297791,বলে কি এই গবেট,Abusive,Little to None,Individual
192902,পালানোর জায়গা পাবি না,Abusive,Little to None,Individual
134711,বুষ৳াঋৃজ ক াাঊষ,Abusive,Little to None,Individual
757645,রাশিয়ার পারমাণবিক বোমার মজুদের কথা বিবেচনা করে তারপর বিমান দিও বন্ধু না হলে কৌতুক অভিনেতার জন্য সবাই মরবে,Political Hate,Little to None,Society
738411,কোনোরূপ ভালো প্রমান দেখাতে পারেন নাইবাউতামি ছাড়েন মানুষ আর আগের মতো বোকা ছোনাই,Abusive,Little to None,Individual
111001,সময় টিভির নাম পাল্টিয়ে আওয়ামী লীগ টিভি করা উচিৎ,Political Hate,Little to None,Organization
421996,৩৬০ কোটি টাকা বাংলাদেশিদের কাছে ব্যপার না কত ব্যংক খেকো এখন হাজার কোটি মেরে দিয়ে দুবাই আছে,Abusive,Little to None,Individual
912409,পঞ্চপান্ডবের বিদায় গুলো বিবর্ণ বিসিবি তাদের প্রাপ্য সম্মান টা দিতে পারলোনা মাহামুদুল্লাহ কে না খেলাক অন্তত টীমে রাখা উচিৎ,Abusive,Little to None,Individual
578669,একটা বিল্ডিং ধ্বসে সমস্ত উদ্ধারকারীরা এখনও ঢুকতেই পারলো না তারা বলে উন্নত দেশ কানাডা আম্রিকার উপরে,Abusive,Little to None,Society
782954,এটা কি ধরনের অভিযোগ আপনারা পশ্চিমা অস্ত্রে বলিয়ান এ অভিযোগ কে তুলবে শেষ কথা যুদ্ধ কারও কাম্য নয় শান্তি চাই,Abusive,Little to None,Society
838786,বাংলাদেশর মানুষ ঘর পায় না কিনতু রোহিঙ্গা পাকা ঘর বাড়ি পায় এড়ি নাম বাংলাদেশ,Abusive,Little to None,Organization
683189,নাটক বাদ দেন কাকাআপনাদের নিয়ে নাটক করে দেশের মানুষকে বুঝাবে ছিছি সিইসি খুব ভালো মানুষর মন জয় করার পক্রিয়া,Abusive,Little to None,Individual
427170,এটা কি নিউজ মিডিয়া নাকি এড দেওয়ার মিডিয়া কিছু বুঝলাম না,Abusive,Little to None,Organization
293969,জানানোর বিপক্ষের এই সংবাদ যেমন ১০০ সঠিক তেমনি আপনাদের সময় টিভি বা বাংলাদেশে যেসব চাটুকার সংবাদ মাধ্যম বা চ্যানেলগুলো আছে এবং সাংবাদিকরা আপনারা কোথায় থেকে ভালো আর,Abusive,Little to None,Individual
901036,এরকম হলো ফুটবলার দের মন ভরেনা,Abusive,Little to None,Community
620852,জুতার বাড়ি অপেক্ষা করতেছে,Abusive,Little to None,Individual
634558,বুঝি না আপনারা এতো বোকার মতো কথা বলেন কেন যেহেতু বলছেন নিষেধাজ্ঞা পেৃাভাব পরবে না সুতরাং এগুলো পাবলিক প্লেস এ বলার দরকার কি আছে বরং জনগণ ভাববে আপনারা অন্যায় করলেও সাতখুন মাপআপনাদের মিডিয়া সেল বড়ই অপরিপক্ক,Abusive,Little to None,Community
450240,কাজের সময় কিছু করতে পারবে না,Abusive,Little to None,Individual
914642,অও ভাই সাকিব কবে বেটিং করে মেছ জিতাইছে,Abusive,Little to None,Individual
833043,দক্ষিণ সুদানকে অন্যায়ভাবে স্বীকৃতি দেয়া হয়েছেএটি ইসরাইলের মতোই অবৈধ,Political Hate,Little to None,Society
101653,জাতীয় পার্টি এবার ধরা,Political Hate,Little to None,Organization
349521,বাংলাদেশের ও খুব খুব খারাপ দিন আসছে,Abusive,Little to None,Society
565514,শেখ হাসিনা ক্ষমতায় এলে সময় টিভি চেয়ারম্যান রাষ্ট্রপতির পথ পাইব,Political Hate,Little to None,Individual
108865,তাদের সাথে কেন আলোচনা আলোচনা তো করবেন নির্বাচন কমিশনের সাথে কি করে নির্বাচন সুষ্ঠু হবে আর কত নির্লজ্জ মুখ নিয়ে মানুষের সামনে আসেনএখানে গেছিলেন কথা বলতেআপনাদের কে কয়টা আসন দিবে তা শোনতে এবং জানতেএটা সবাই বুজে এবং জানে আপনারা আর বানাইয়া বানাইয়া কথা বলে জনগনকে বিশ্বাস করাতে পারবেন নাজনগন আপনাদেরকে ভালো ভাবেই চিনে ফেলেছে,Abusive,Little to None,Community
800776,পুরাটাই এই মুহূর্তে বন্ধ করে দেওয়া দরকার পুতিনের সাথে দেখা বলতাম,Abusive,Little to None,Individual
271540,যে দেশের সরকার মিথ্যাবাদী হয় সে দেশের জনগণ কিভাবে ভালো হবে,Abusive,Little to None,Organization
555753,সময় টিভি পাকি দালালদের মুখোশ খুলে দিছে ধন্যবাদ সময় টিভিকে,Abusive,Little to None,Organization
395283,প্রতিপক্ষ যখন চীন তখন সবাই চুপকোন কমেন্টস নেই কোন প্রতিবাদও নেইকেনো ভাই চীনকে ভয় পানভারতআমেরিকা ইংল্যান্ড ফ্রান্স হলে তো তাদের চৌদ্দগোষ্ঠি উদ্ধার করে ফেলতেনশি জিন পিং এর বেলায় চুপ কেনো,Political Hate,Little to None,Society
811644,ইউকেন ইস্যুতে বুঝলাম সবাই আমেরিকার পক্ষে রাশিয়া ও চিনের পক্ষে কেউ নাই,Political Hate,Little to None,Society
192423,বাংলাদেশের মাজলুম জনগণ ছারা নিশি রাতের অবৈধ সরকারের কথা কেউ শুনেনা৷,Abusive,Little to None,Organization
117357,সাকিবতো রাজনিতী বোঝেই না উ কেমনে নমনিশন পাইলো বোঝলাম না উ এম পি হয়ে কি করবে খেলোয়াড় আছে খেলোয়াড় থাকুক না,Abusive,Little to None,Individual
155928,খাল বিল নদী নালা সব আরো ময়লা ফেলে বন্ধ করে ফেলতে হবে তাহলেই শুধু গু মুতে ডুবে মরা নিশ্চিত করা যাবে চালিয়ে যাও বীর বাঙালী,Abusive,Little to None,Society
84582,ঠিক ভাই সবাই চুরি করচে,Abusive,Little to None,Community
766711,ভুল সিদ্ধান্ত কারন নারীদেরকে উচ্চ শিক্ষা না করালে তারা নারী ডক্টর কোথায় পাবে মেয়েদের প্রাথমিক শিক্ষার জন্য নারী শিক্ষক কোথায় পাবে,Sexism,Little to None,Community
634726,ভোট ডাকাতের সরকার আর নাই দরকার,Political Hate,Little to None,Organization
797360,আমেরিকা একটা জিনিস দুজনের মাঝে যুদ্ধ লাগায় সরে যাবে আর অস্ত্র বেচে ফায়দা লুটবে আর চীনের সম্পদ শেষ করবে,Abusive,Little to None,Society
712367,সত্যি কথা বলতে কি আমাদের দেশে পরিবহন ব্যবস্থার সাথে যারা জড়িত কর্মকর্তা কর্মচারীরা এমন মানুষকে হয়রানি করছে যার বিচার স্বরূপ আজকে এই অবস্থা,Abusive,Little to None,Community
295085,প্রধন মন্ত্রীর সামনে লাফাইয়া দেখাইরা ভরতের মোকাবেলা করার ভাগ আছে নিতারা চার নাম্বার অবস্থানে আছে,Political Hate,Little to None,Society
454409,চিন্তা করেন একবার দূরনীতি কোন পর্যন্ত পৌছেছে,Abusive,Little to None,Society
487676,ইমান আলি মাদকের কারবার করে দেশ থেকে বিদেশে পাচার করে বিমানে হেলিকপ্টারে ফিগ্রেটে,Abusive,Little to None,Individual
279632,দেশ সাধীন হয়েছে ঠিক কিন্তু দেশের মানুষ একনো সাধীন হতে পারে নেই,Political Hate,Little to None,Individual
624795,চোরের কারণে দেশটা ধ্বংস,Abusive,Little to None,Community
226325,আওয়ামী বেআইনি আদালত বয়কট,Political Hate,Little to None,Organization
140309,বর্তমান বাংলাদেশের এই দুর্গতির জন্য আওমীলীগ ও প্রশাসন দায়ী,Political Hate,Little to None,Organization
697740,এটা নাকি নান্দনিক সৌন্দর্য ভোট চোর গুলার দৃষ্টিতেও সমস্যা,Political Hate,Little to None,Community
516844,এই রকম বাজে কাভার ছবি বেবহার করবেন না,Abusive,Little to None,Individual
468009,জেলা প্রশাসকের পিচনে লেখা আছে পশাসক,Abusive,Little to None,Individual
166047,খাওয়ার সময় খাটো ছিলো না খাওয়া শেষে এখন মেয়ে খাটো,Abusive,Little to None,Individual
830,১বেলিরোডের এই আবাসিক এলাকায় কেন হোটেলের লাইসেন্স দেয়া হলো ২ ইমারজেন্সি এক্সিট কেন ছিল না ৩ সিঁড়িতে কেন সিলিন্ডার গ্যাস রাখা হলো এই বিষয়গুলো তদন্তে আনা উচিত এবং প্রত্যেকটা হোটেল মালিক কে যাবজ্জীবন কারাদণ্ড প্রদান করা উচিত,Abusive,Little to None,Individual
137020,বাংগালি টাকা লোভি নানী কে বিয়ে করেছে,Abusive,Little to None,Society
623444,মায়ানমারের চাইলে না পড়া ভালো মিয়ানমারের গলায় এখন কাটাকাটা সরে গেলে ওরা আবার শিয়ালের মতো হয়ে যায়,Abusive,Little to None,Society
459611,ওদেরকে তীর মেরে মেরে ফেলা হোক,Abusive,Little to None,Individual
317318,দাদাগিরি এখন কোথায় রইলো,Abusive,Little to None,Individual
832568,হাজার সেনা মারা গেছে লোল,Abusive,Little to None,Community
899858,একটা খেলাতে জিততে পারবে না বাংলাদেশ ফিরে আসো বাংলাদেশ আমরা অপেক্ষায় মুখিয়ে আছি,Abusive,Little to None,Organization
703344,যেই দেশে আইন সবার জন্য সমান নয় সেই দেশে মারামারি জগড়া বেশী হবে ভাই,Abusive,Little to None,Society
436900,ঐ ৩২টি দেশের কলিজা ভুনা করে খেয়ে ফেলবে পুতিন,Abusive,Little to None,Individual
928108,পাকিস্তানের পরাজয়ের প্রত্যাশায় থাকলাম আসলে পাকিস্তানকে হারতে দেখার মজাটাই আলাদা,Abusive,Little to None,Society
444287,এত অল্প এড দিলে হয় দুই মিনিটের ভিডিও এক মিনিট এড দেন,Abusive,Little to None,Organization
595553,লোক দেখানো উন্নতির প্রয়োজন নেই পারলে দেশটাকে দূর্নিতি মুক্ত করুনবৃক্ষ তোর নাম কি ফলে পরিচয়আসল কাজ করুনদূর্নিতিবাজদের জন্য কঠিন কি পদক্ষেপ নিয়েছেন বা ডিজিটাল আইন,Abusive,Little to None,Individual
925220,ভাই আমার মনে হয় শান্তকে বাদ দিয়ে দেন বাদ দিয়ে হলেও সৌম্য সরকার আর লিটন দাসকে ওপেনিং করালে সবচেয়ে ভালো হবে,Abusive,Little to None,Individual
574555,নির্দোষ থাকবে জেলে দোষী থাকবে ফাইভ স্টার হোটেলে এই হলো আদালত লীগের বিচার,Political Hate,Little to None,Organization
38230,ঐ হালায় বড় চোর,Profane,Little to None,Individual
902166,হাতুড়ি সিং শ্রীলংকান তাই মাহমুদুল্লাহ ভাইকে নিচ্ছে না,Abusive,Little to None,Individual
660700,বাংলাদেশের ১৮ কোটি জনগন চাই সেনাবাহিনীর মাধ্যমে সব বন্টন করা হউকআওয়ামী লীগের চোরদের মাধ্যমে করলে জনগন কিছু পায় নাসেনাবাহিনীকে এখনো বাংলাদেশের মানুষ ভালবাসে,Political Hate,Little to None,Society
810169,ইউরোপীয় ইউনিয়ন জানে যে রাশিয়ার উপর বেশি নিষেধাজ্ঞা দিতে গেলে ইউরোপের দেশগুলোই এশিয়া ও আফ্রিকায় এসে কামলা দেওয়া ছাড়া কোন উপায় থাকবে না,Abusive,Little to None,Society
890006,আগে বিসিবি ও কর্মকর্তাকে পদত্যাগ করতে হবে,Abusive,Little to None,Organization
644211,ঝুটমুট কথায় সময় পারআসল টা পাইল না হাসিনা,Abusive,Little to None,Individual
391602,আমেরিকা সময় টিভির কাছে অস্ত্র চেয়েছে,Abusive,Little to None,Organization
856298,ভোদার বাল গুলা ঠিকমতো কাইটো গুদ টা সাদা কইরো যেন চুদা দিয়ে বাংলাদেশকে রিপ্রেজেন্ট করতে পারো যওসব বেশ্যার মাগি,Profane,Little to None,Individual
2644,আরো ধৈর্য ধরতে বলবেন আমাদের দেশের প্রধানমন্ত্রী কে উনিতো জনগণের চিন্তা করেনা উনি বাঁচলে বাপের নাম একটি স্বাধীন দেশের ভিতর কিভাবেঅন্য দেশের লোকজন যুদ্ধ করে,Political Hate,Little to None,Individual
29182,কিছু পশুর জন্য আজ আয়ান আমাদের কাছ থেকে চলে গেল,Abusive,Little to None,Individual
572130,গণমাধ্যমের স্বাধীনতার নামে রাষ্ট্রের মানহানি আইনে সমর্থনযোগ্য নয়,Political Hate,Little to None,Community
674339,সাংবাদিক আসল চিত্র দেখায় না,Abusive,Little to None,Individual
739286,ইস্লামোফোবিয়া আছে সারা বিশ্বে কিন্তু বন্দুকধারী সন্ত্রাসী আর ইস্লামিক জংীবাদের মধ্যে একটা পার্থক্য আছে ইস্লামিক জংগীরা একটা দলের অংশ তারা একটা আইডিওলজির জন্য জংিবাদে জড়ায় অন্যদিকে যারা শ্যুটার তারা বেশিরভাগ লোন উল্ফ অনেকে হতাশা থেকে করে রেসিয়াল সুপ্রিমেসি থেকে হচ্ছে কিছু গুলা,Religious Hate,Little to None,Community
192199,যেভাবে খুশি রায় দিয়ে দে কিছু বল্লে কয় আদালত অবমাননা করা হয়েছে,Political Hate,Little to None,Individual
475977,জয় বাংলা জয় শেখ হাসিনা জয় পুলিশ লীগ জয় ছাত্র লীগ,Political Hate,Little to None,Organization
600825,বিএনপির এক একটা নেতাকে এখন বারুতের মতো জলে উঠতে হবে হা হা হা আওয়ামী লীগ বিএনপির পিছনে পিছনে কি বিএনপির হাগো খাইতে যায় নাকি বিএনপি নেতার বাড়িতে পিটার হাস গেছে তো বাহিরে আওয়ামী পন্তি দালাল রা সেখানে কি করতে আসছিলো বিএনপির হাগো খাইতে নাকি আমার তো তাই মনে হচ্ছে ভাইয়েরা আপনারা ই বলুন কেনো গেলো কুত্তা লিগের দালাল গোলো বিএনপি ত কে কি করলো সে গোলো খুজে বেরায় না তাহলে জুতা লিগ মুজা লিগ তাঁতি লিগ কেনো বিএনপির পিছনে পিছনে গোর গোর করে বুজতে হবে বিএনপির আর কোনো ছার নয়,Political Hate,Little to None,Organization
28953,আওয়ামী লীগের কাজ এইটা,Political Hate,Little to None,Organization
85942,ভোটার হওয়ার পরেও কারা কারা যান নাই ভোট দিতে লাইক দিন,Political Hate,Little to None,Society
888616,আপনারা মিয়া বেশি বুঝন সাংবাদিক হিসেবে সঠিক কথাই তলার চেষ্টা করবেন সমস্যা থাকতেই পারে মানুষের,Abusive,Little to None,Community
68271,এবার খবর আছেবাড়াবাড়ি করলে কাউয়ার রক্ষা নেই,Abusive,Little to None,Individual
422740,ভাল্লুকের মত পুতিন জানোয়ারটাকে গেফতার করা উচিত,Political Hate,Little to None,Individual
572161,বাংলাদেশ এমন একটা জায়গা যেখানে সাংবাদিকরা ফেরেস্তার সমান এরা কোনো ভুল করতে পারে না,Abusive,Little to None,Community
587223,মন্ত্রী মনেহয় বানরের জম্মে,Abusive,Little to None,Individual
128785,প্রর্যাপ্ত নিরাপত্তা সুযোগ সুবিধা জিনিস পত্রের দাম নিয়ত্রন ইত্যাদি এই বিষয় গুলোরপ্রতি সরকারের বিশেষ নজর দেওয়া উচিৎ,Political Hate,Little to None,Organization
603678,একেই বলে ইডেনের ছাএী,Sexism,Little to None,Individual
113983,এ লোক ভালো না,Abusive,Little to None,Individual
585980,তরে তো হিন্দুর মতো দেখা যায়,Religious Hate,Little to None,Individual
425651,মোবাইল এর সাউন্ড কমিয়ে নিউজ দেখি আপনারা এর ভিতরে এড দিচ্ছেন লাইড সাউন্ড দিয়ে এতে আমার পাশে ঘুমিয়ে থাকা আমার মেয়েটা ঘুম থেকে উঠে কেদে দিলো কাজটা কি ভালো করলেন,Abusive,Little to None,Organization
619102,জাতিসংঘের ভূমিকা দরকার এখানে তাদের হস্তক্ষেপ কামনা করছি,Political Hate,Little to None,Organization
464409,বাংলাদেশে ছাত্রলীগকে এখনো কেন অবৈধ ঘোষণা করা হচ্ছে নাকোটের কাছে জানতে চাই,Political Hate,Little to None,Organization
878023,সালাম সাহেবের ধান্দাবাজিতে ফুটবল শেষ নিচে গাছ কেটে উপড়ে পানি ঢালছেযদিও পুরষ্কার দেয়াতে খুশি হলাম,Abusive,Little to None,Individual
131089,কত টাকা লুটপাট করা হয়েছে সেটাতো বলেন নাই,Political Hate,Little to None,Individual
564393,হাগু করেছিলেন গুলসানে এখন হাগু করবেন ্্্্্্্্্্্্,Abusive,Little to None,Individual
281881,নস্ট রাজনীতি মানুষ মরুক তবুও ক্ষমতা ছাড়বোনা,Abusive,Little to None,Society
131965,খুবই ভালো হয়েছে মানুষকে ধোকা দিয়ে অনেক ইনকাম করেছে এই মাঝারের লোকগুলো আলহামদুলিল্লাহ্,Religious Hate,Little to None,Community
421836,মার দালাল টিভির চৌদ্দ গোষ্ঠীর কোয়ালে বাড়াবাড়ির একটা সীমা থাকা উচিত,Profane,Little to None,Organization
129667,সময় টিভিএতো বড় ভুল খবর প্রচার করছে ছেলেরা খুন করেছে ছেলের বউ নয় সঠিকটা না জেনেই খবর প্রচার করছেন,Abusive,Little to None,Organization
478605,পুলিশের গুলি ডাকাতদের আহত করতে পারলোনা কেন ট্রেনিং সঠিক হয়নি,Abusive,Little to None,Organization
73581,বংগবন্ধুর অসহযোগ আন্দোলন এবং ৯০ই এরশাদ বিরোধী আন্দোলন এ এদেশের সকল স্তরের জনগোষ্ঠী এবং নেতৃত্ব এর সহযোগিতা সততা ঐক্যতা মানুষের ঢলে আন্দোলন সফলতা পেয়েছে কিন্তু আসলেই আমাদের যোগ্যতা তথা নেতৃত্ব কাংখিত জন সমর্থন বা সময়োপযোগী পদক্ষেপ নিতে সম্ভব হয়েছেন বলে মনে হয় কি,Political Hate,Little to None,Individual
446110,আর আমাদের বাংলাদেশ কি মোতায়েন করছে আবার বলে আসেন যুদ্ধ করি,Political Hate,Little to None,Society
832827,এটাই স্বাভাবিকএখন যারা জনগনের পক্ষে রাজনীতি করবে তারাই হারবেকারনবিশ্ব এখন দিন দিন চরম খারাপের দিকে অগ্রসর হবেএকটি পতাকা সুসাশন নিয়ে আসবে,Political Hate,Little to None,Society
19240,পাকিস্তানের নির্বাচন শুধুই নামে সেনাবাহিনী জাবেদ চাইবে সেই হবে,Political Hate,Little to None,Community
698537,এ কেমন ভালো বাশা য়ে বাবা মা কে ছেড়ে চলে জায় য়ে ছেলে সাথে কিছূদিনের পরিচয় তার হাত ধরে বাড়ি ছেরে জায় এদের কপালে এমন এই হওয়া উচিত,Abusive,Little to None,Community
469472,তাদেরকে ফাঁসি দেওয়া হোক,Political Hate,Little to None,Community
443447,নিউজ টা শুরো হওয়ার আগেই এডমেজাজ টা ৪৯ পঞ্চাশ হয়ে গেছে এরকম করতে থাকলে আনসাক্রাইব করবোবলে দিলাম,Abusive,Little to None,Organization
884813,জাতি কলঙ্ক থেকে মুক্তি পেল,Abusive,Little to None,Community
678402,বাংলাদেশ মানেই বিনোদন আর মূর্খামি,Abusive,Little to None,Society
142080,এটা মনে হয় আওয়ামী লিগ রা করে ওভিনয় করসে,Political Hate,Little to None,Organization
694236,গাজীপুর নগরী নিয়ে সাংবাদিক কিভাবে প্রতিবেদন করলেন আর নারায়নগঞ্জ নগরী নিয়ে কিভাবে প্রতিদিন করলেন ২৭ ওয়ার্ড নিয়ে নারায়নগঞ্জ আর ৫৮ ওয়ার্ড নিয়ে গাজীপুর মহানগর গাজীপুরের প্রতিবেদক কোন সাংবাদিকের পর্যায়েই পড়েন না তিনি প্রতিবেদনে উল্লেখ করলেন সিটি এলাকায় নাকি গ্রামাঞ্চল আসলে তিনি জানেনই না যে গাজীপুর একটি মেট্রোপলিটন নগরী মাইক্রোফোন হতে নিলে আর টিভি চ্যানেলে কাজ করলেই সাংবাদিক হওয়া যায় না আমরা গাজীপুর নগরবাসী এই রকম ভুয়া সাংবাদিকের প্রতি জানাই ধিক্কার,Abusive,Little to None,Individual
103702,নওফেল জামাতের লোক হয়ে গেছে জামাতের টুপি পরে কথা বলতেছে,Political Hate,Little to None,Individual
464774,এসবের জন্যেই দেশ ছেড়ে চলে যেতে ইচ্ছে করে কোনো কিছুরই সুষ্ঠ বিচার নাই,Abusive,Little to None,Society
195427,এজন্যই সময় টিভি কে বয়কট করতে হয়,Abusive,Little to None,Organization
344389,বাংলাদেশের মিডিয়া গোলা বেশি আতংকিত হয়ে আছে সাধারণ জনগণ থিকা,Abusive,Little to None,Community
229920,অন্য সরকারের অধীনে নিবাচন চাই,Political Hate,Little to None,Organization
701100,জামাতি বামাতিদের উদ্দেশ্যে বলছি দেখো আর জলো লুচির মতো ফুলো ষড়যন্ত্র করে উন্নয়ন থামাতে পারো নাই,Abusive,Little to None,Organization
278215,তুই উদ্যোগ নেয়ার কে ওইটা নিয়ম অনুযায়ী চলবে,Abusive,Little to None,Individual
739479,আমেরিকা নেটো যুদ্ধ অপরাধী,Political Hate,Little to None,Organization
452383,আমি একজন গার্মেন্টস শ্রমিক হিসাবে বলছি এর তীব্র নিন্দা ও প্রতিবাদ জানাই এর সঠিক বিচার চাই,Abusive,Little to None,Individual
807629,পৃথিবী একদিকে আর রাশিয়া চিন ভারত একদিকে থাকলে কিছুই করার থাকবেনা বিশ্ব নেতা দের,Political Hate,Little to None,Society
839768,বড় হলে পাত্তা পাবে না,Abusive,Little to None,Individual
807445,হায়রে ইউরোপ কেউ বোমা নিয়ে গেলেও তো সন্দেহ করবেনা মনে হচ্ছে,Abusive,Little to None,Society
427140,তা পশ্চিম তীরে ইসরাইলি সেনা কেন,Political Hate,Little to None,Society
654176,পার্বত্য চট্টগ্রাম নিয়ে চক্রান্তে নতুন রুপ বাংলাদেশ ঘেঁষে ভারতের মিজোরামে ইসরায়েলের ঘাটি বানানো ওখানকার খ্রিষ্টানরা ইয়াহুদী হচ্ছে ও কাশ্মীরে কৃষি প্রকল্প এর নামে ইসরায়েলকে ঘাঁটি বানাতে দিছে ভারত ইসরায়েলের ছোট ভাই,Abusive,Little to None,Society
112763,১৫ বছর গেছে বেচারা উমাস নেওয়ার সময় পায় নাই উন্নয়ন না কইরা কি কামে এতো ব্যাস্ত ছিলেন বুঝলাম না এখন কইতাছে এইবার ক্ষমতায় আসলে এলাকাকে নতুন বউ এর মত করে সাজাইবো এই পনেরো বছর কি খালি তাহাজ্জুত পইড়া কাটাইলেন নাকি এতো তাহাজ্জুত পড়লে তো ভোট চাওয়ারই দরকার হয় না আল্লাহর রহমতে এমনেই জিতা যাইবন তামাশার একটা লিমিট থাকা প্রয়োজন,Political Hate,Little to None,Organization
242473,রাশিয়া ভারতের বিপক্ষে যাবেনা উল্টো চুক্তি অনুযায়ী যুদ্দের সময় রাশিয়া ভারতকে সাময়িক সাহায্য করতে বাধ্য,Political Hate,Little to None,Organization
138617,সময় লীগের কাছে তো সব গুজব,Political Hate,Little to None,Organization
624047,যদিও আমি আওয়ামীলীগ কে পছন্দ করি না তবে আমি এটার পক্ষে এদের কে ব্যান করা হোক ওটমান সম্রাজ্যে যখন সুলতান মনে করেছিল মুস্তফা বায়েজিদ অপরাধী তাদের সাথে তাদের সন্তান্দের অ ফাসি দেওয়া হয় এটাই ইসলামের ইতিহাস তাই এদের রাজনীতি থেকে নিষিদ্ধ করা হোক কারন আমের বীজ থেকে আমই হয় বিদ্র মুস্তফা আর বায়েজিদ দোষি ছিলেন না,Political Hate,Little to None,Community
638288,এই সোমায় প্রধানমুন্রী বিদেশ ছফর গেলো কেনো,Political Hate,Little to None,Individual
780101,রাশিয়া দিনের পর দিন বেপরোয়া হয়ে উঠছে হাস্যকর তবে আমেরিকা কি,Abusive,Little to None,Society
71353,সব গুলো আম লীগের চরিত্র,Political Hate,Little to None,Organization
280790,এটা মুদির কারসাজি হাসিনা সরকারের সাহায্যে হুথিরা শুধু ইসরাইল গামি জাহাজ কে টার্গেট করে বাকি গুলো কে না সব নাটক জাহাজ মালিকদের সাথে আমিলিগের লোক দেশের পন্যের দাম বৃদ্ধি করার জন্য,Political Hate,Little to None,Individual
288686,সব তেল বাজ,Abusive,Little to None,Community
29600,আমেরিকার চরিএ এমনকছু ছাগল কখও বোঝেনা,Abusive,Little to None,Community
256250,ওকে যে পাগল বলবে সেই পাগল,Abusive,Little to None,Individual
26584,এক দিন বাংলাদেশ বিএনপি চেয়ারপারসন খালেদা জিয়া সরকার গঠন হবে ইনশাআল্লাহ,Political Hate,Little to None,Organization
332661,সুনা এতো ময়দা দেখেছো কেনো,Abusive,Little to None,Individual
139630,আমাদের ট্রেনগুলোর চালক আওয়ামীলীগ আর ট্রেন গুলো বি এন পি করে তাই যখন তখন দূর্ঘটনা ঘটে এটা সরকারকে ভেবে দেখতে হবে এবং ইন্ডিয়া থেকে বিশেষ অংগ এনে পরীক্ষা করতে হবেমাসুদ ভালো হয়ে যাও বললে ট্রেন দূর্ঘটনা কমতে পারে,Abusive,Little to None,Community
524979,অপু বুড়ি হাসিটা রাক্ষসী বুড়ী চেহারা হিজারা,Abusive,Little to None,Individual
804090,পাকিস্তানের দাম বাড়ছে আর বাংলাদেশে বাড়ে নাই,Abusive,Little to None,Community
304492,এরা দেশের ব্যাপারে কিছুই বলেনা এদের দিয়েও হবেনা,Abusive,Little to None,Community
461037,বাস বাড়া না শুুধু যে কোন গাড়ি ভাড়া নিয়ে অশিক্ষিত মানুষদের সাথে বাসের হেলপার এর যারা ঝগড়া করে তারা যে কতো টুকু শিক্ষত তার প্রমাণ দিলোরাজশাহী ভার্সিটি যার ফল অনেক ছাএ ও সাধারণ মানুষ হাসপাতালে ভর্তি হয়ে আছে,Abusive,Little to None,Community
134372,এই কাজের সাথে যারা জড়িত সরাসরি ক্রসফায়ার দেওয়া হোক,Abusive,Little to None,Community
582295,এই সব হাসিনার সাজানো নাটক,Abusive,Little to None,Individual
519827,পাকনা মেয়ে অল্প বয়সেই চাপাবাজী শিখে গিয়েছে,Abusive,Little to None,Individual
204443,কে সাপোর্ট করি উচিত ছিল ইহুদি দের ঘৃণা করা এখন পর্যন্ত তাদের পক্ষ থেকে একটাও মন্তব্য পেলাম না এতে আমার ওপর ক্ষোভ বেড়ে গেল,Abusive,Little to None,Individual
237066,বিসমিল্লাহ কইরেই বিএনপির নাম নিলো,Political Hate,Little to None,Organization
194057,জয় বাংলার আমলে য়ত কিছু পেয়েছে আওয়ামী লিগের পাতি নেতারা সাধারন মানুষ কিছু পাই নাই এই জন্য পোরার,Political Hate,Little to None,Organization
903406,কেউ যদি দুর্নীতি শিখতে চান তাহলে টিকেট খেলা দেখুন কিভাবে দুর্নীতি করে আইসিসি টিকেট খেলা দেখা আর ডাব্লিউ ডাব্লিউ রেকসিন দেখায় কি কথা,Abusive,Little to None,Organization
447678,নিউজ প্রচার বাদ দিয়ে অ্যাড চালান কাজে লাগবে নিউজের ভিতরে কেন অ্যাড চালান আমার মনে হয় আপনাদের চ্যানেল টা ব্লোগ দিতে হবে আর মেনে নিয়ে পারছি না,Abusive,Little to None,Organization
653198,আমি বুঝিনা সাংবাদিক ভাইয়েরা কিভাবে এই নিউজ প্রকাশ করে ডলারের দাম কি কখনো বাড়ে কথাটা হবে কোনোভাবেই বশে আসছে না টাকার দাম কমে যাওয়ার পাগলা ঘোড়া ডলারের দাম বাড়ে না আসলে টাকার দাম কমে যায়,Abusive,Little to None,Community
839516,সময় টিভির নিউজ কেউ বিশ্বাস করে না,Abusive,Little to None,Organization
721487,সবটি হল তিন নাম্বার ছাগলের বাচ্চা আমি যদি সৌদির সাথে মিল করে রাখা দরকার ইফতারের সময়সূচিটাও ভালোভাবে করা দরকার শালা মরক্কোর গুষ্টি সাধারণত বাংলাদেশে চট্টগ্রামের রংপুর সাথে কতটুকু ইফতারের সময়সূচি ব্যবধান,Profane,Little to None,Community
593733,উক্ত টাকা পেতে শিক্ষকদের ক্যানসার ও প্যরারাইজ হতে হবে অথবা মৃত্যু বরণ করতে হবে সরকারের কাছে টাকা নেই তাই এই বরসের শিক্ষকদের নাখেয়ে চলতে হবে হায়রে বাংলাদেশ,Abusive,Little to None,Community
434994,রাশিয়ার উচিত ইউক্রেনে আরো ধ্বংসযজ্ঞ বাড়িয়ে দেয়া,Political Hate,Little to None,Society
35914,শেখ হাসিনা শরনি মরনি যায় হোক আমার কাছে ৩০০ফিট এই বেস্ট,Political Hate,Little to None,Individual
729740,চীন কে দেখে এত ভয় আমেরিকার,Political Hate,Little to None,Society
614182,দেশ আমাদের তাহলে পশ্চিমা দেশ গুলো চাপ দেওয়ার কে,Political Hate,Little to None,Society
175096,আপনি কী টিক টক থেকে আসছেন,Abusive,Little to None,Individual
3766,কোথায় গেল আমাদের দেশের চেতনা বাদী ধর্ম ব্যবসায়ি কাঠ মোল্লা গুলো তাড়াতাড়ি বাইতুল মোকারম মসজিদ থেকে আবেগি মিছিল বের কর রোহিঙ্গাদের জন্য বাংলাদেশের বর্ডার খুলে দেওয়ার জন্য অনুরোধ কর সরকারকে,Abusive,Little to None,Community
258469,এখানে কাল বেলা কে নিয়ে যাওয়ার দরকার ছিল দালাল টিভি বাদ দিয়ে,Abusive,Little to None,Organization
215276,ওদের এখন এটাই কাজকিভাবে অন্য দলকে নিস্ব করা যায়,Abusive,Little to None,Community
449706,৯ বছর ধরে ঐ বিদ্যালয়ে ঊর্ধ্বতন কর্মকর্তা কি কেউ যায়নি,Abusive,Little to None,Individual
183078,সরকার জনগণকে আর বোকা বানাতে পারে না,Political Hate,Little to None,Organization
524989,ইনি সাকিব খানের কাছে আবার ওযেতে চায় ইনার সব ভিডিও তে বুঝা জায় লোভ সামলাতে পারছে না বার বার জয়কে নিয়ে আসে কথায় কথায়,Abusive,Little to None,Individual
760133,এগুলো তাদের কাজসাজি এই মডেল দেশের মন্ত্রীরা এইসব করে,Abusive,Little to None,Community
467601,হাতীটাকে র আটক করা উচিৎ ছিলো পাসপোর্ট ভিসা ছাড় বাংলাদেশে অনুপ্রবেশর দায়েভারতের হলেতো গুলি করে দিতোমনে হয় এটা রোহিঙ্গা হাতী তাই হাতীটাকে পুশবেক করেছে,Abusive,Little to None,Individual
734436,সাবধান আমেরিকানরা কোন দেশের উত্থান সহ্য করতে পারে না তারা চায় তাদের পদ লেহনকারি সরকার হাসিনা দেশটাকে উন্নত করছে এটা তাদের সহ্য হওয়ার কথা নয় তাই বঙ্গবন্ধুর মত এখনও যে হাসিনার বিরুদ্ধে ষঢ়যন্ত্র হচ্ছেনা এটা বিশ্বাস করার কোন কারণ নেই,Political Hate,Little to None,Community
431121,এই যুদ্ধের জন্য তো তোমরাই দায় আর কেউ তো না,Abusive,Little to None,Community
101669,মিজাপর তোমার বিছার হবে এই দেশের জনগন,Abusive,Little to None,Individual
201236,টাকার বিনিময়ে মানুষ ভোট দেয় আবার বলে ভোটের অধিকার,Political Hate,Little to None,Community
419301,এইডা কোনো নিউজ হইলো,Abusive,Little to None,Organization
48276,টুকটুকারের কাছ থেকে আর কি আশা করা যায়,Abusive,Little to None,Individual
640764,মায়ানমারের বিরুদ্ধে কঠোর ব্যাবস্থা নেওয়া দরকার,Abusive,Little to None,Society
932141,আজ ভারতকে হারিয়ে বিশ্বকে তাক লাগিয়ে দিবে হংকং,Abusive,Little to None,Community
240267,সালে বাংলাদেশের স্বাধীনতা যুদ্ধে বিশ্বের একমাত্র পরাশক্তি রাশিয়াই বাংলাদেশের হয় কাজ করেছে এবং একমাত্র পরাশক্তি যারা বাংলাদেশের পক্ষে ছিল রাশির অবস্থান ভুলে গেলে চলবে না ইসরাঈল সমর্থিত ইউক্রেন কে বর্জন করা উচিত,Political Hate,Little to None,Society
105646,রাষ্ট্রের এক নাম্বারের কুলাঙ্গার,Abusive,Little to None,Individual
537922,কুত্তায় করে কি,Abusive,Little to None,Individual
772659,আমাদের দেশে ট্রাম্পের মতো মিথ্যা কথা বলতে বলতে সেটা সত্য বলে জনগণকে মেনে নিতে হয়,Abusive,Little to None,Society
722171,ইজরাইল রোহিঙ্গা রোহিঙ্গা রোহিঙ্গারোহিঙ্গারোহিঙ্গারোহিঙ্গারোহিঙ্গারোহিঙ্গারোহিঙ্গারোহিঙ্গারোহিঙ্গারোহিঙ্গারোহিঙ্গারোহিঙ্গারোহিঙ্গারোহিঙ্গারোহিঙ্গারোহিঙ্গারোহিঙ্গারোহিঙ্গারোহিঙ্গারোহিঙ্গারোহিঙ্গারোহিঙ্গারোহিঙ্গারোহিঙ্গারোহিঙ্গারোহিঙ্গারোহিঙ্গারোহিঙ্গারোহিঙ্গারোহিঙ্গারোহিঙ্গারোহিঙ্গারোহিঙ্গারোহিঙ্গারোহিঙ্গারোহিঙ্গারোহিঙ্গারোহিঙ্গারোহিঙ্গারোহিঙ্গারোহিঙ্গারোহিঙ্গারোহিঙ্গারোহিঙ্গারোহিঙ্গারোহিঙ্গারোহিঙ্গারোহিঙ্গারোহিঙ্গারোহিঙ্গারোহিঙ্গারোহিঙ্গারোহিঙ্গারোহিঙ্গারোহিঙ্গা,Abusive,Little to None,Society
662760,আমাদের মমতাময়ী সরকার এখোন কই এগুলা কি চোখে পড়ে না নাকি এখানে ও বি এম পির হাত আছে সেটা বলবে আমাদের পায়েশ খোর মন্ত্রী হাসান মাহমুদ,Abusive,Little to None,Individual
187748,এই সেই গমরুল না,Abusive,Little to None,Individual
258055,ওটা কেমন সাক্ষী আমরা বুঝি দেলোয়ার হোসেন সাঈদীর যেমন হয়েছেএটাও তেমনি হবে আরকি,Abusive,Little to None,Individual
516994,এরচেয়ে ফালতু রেস্টুরেন্ট হইলে সেইটা গল্প হয় যেমন জঘন্য ফুড কোয়ালিটি তেমন কোয়ান্টিটি রেটিং ১১০,Abusive,Little to None,Organization
355409,পাঁচ ওয়াক্ত নামায পড়ে তাহায্যত পড়ে সে আবার সাকিব কে নায়ক হিসেবে চায় কি করে আপনার কেন্দে দেওয়া দেখে আমিও কেন্দে কেন্দে গাছের কান্দে উঠে গিয়েছি,Abusive,Little to None,Individual
166978,বৃটিশ আমলের প্লেন জোরা তালি দিয়ে আর কতো দিন,Abusive,Little to None,Organization
564069,জনগণের অথবা ধারের টাকায় আওমীলীগ ও প্রশাসন মিলে মিশে পিকনিক এবং আনন্দ ভ্রমণ করছে,Political Hate,Little to None,Organization
551785,বিনোদন আর বিনোদন এদের সকল কথাই মিথ্যায় ভরপুর আমাদের দেশের জনগন কে কি এতোই বোকা মনে হয়,Abusive,Little to None,Community
405562,পুতিন জয়বাংলা হওয়ার পরে ইউক্রেনও যুক্ত হবে হাচিনা এখন কি করবে,Abusive,Little to None,Individual
297210,সরকারের চামচা সময় টিভিকে বয়কট করুন,Abusive,Little to None,Organization
797577,ভয় পাইতেছ চিন,Abusive,Little to None,Society
447242,চিনের অতিরিক্ত বাড়াবাড়ি ধ্বংশের কারণ হবে,Abusive,Little to None,Society
230291,আলহামদুলিল্লাহ মারা গেছে একজন রাষ্ট্রদোহি মারা গেছে ভোট চোর দের মরা রাস্তায় রাস্তায় হোক,Political Hate,Little to None,Individual
109964,ব্যারিস্টার সুমন হল একটা হিজড়া তার মত দু মুখে মুনাফেক বাংলাদেশে আর একটাও নাই,Abusive,Little to None,Individual
463514,আর আমাদের শিক্ষিত সমাজ এই দেশের বড় শিক্ষিত ভদ্রলোক গুলা এতো শক্তি এতো সুযোগ থাকা পরও জনগণের টাকা চুরি করে খায়,Abusive,Little to None,Society
534382,টাকা ছাড়ায় ছবি করা দরকার সাকিবের শিডিউল আপনার জন্য নেই,Abusive,Little to None,Individual
164017,আরে আল্লাহর গজব পরবো ওদের উপুড় কারন এই ফল গুলা যদি এখন না বাজারে ছারে তাহলে কিছু দিনের মধ্যেই দেখবেন পোচে জাবে আর এই কমল দের দের মতই রিপোর্টার আবার দেখা জাবে হারে দুনিয়া,Religious Hate,Little to None,Community
900643,এই নিরবাচকরা বাংলার ক্রিকেটারকে ধংশ করে দিবেএখনই সময় ওদের ঘাড়ধাক্কা দিয়ে বের করে ক্রিকেট টাকে বাচিয়ে রাখাতা না হলে ওরাই বাংলাদেশের ক্রিকেট ধংশ করে ফেলবে,Abusive,Little to None,Community
118070,দলীয় সরকারের অধীনে নির্বাচন সুষ্ঠ হবে না,Political Hate,Little to None,Organization
130898,দক্ষিণ এশিয়ায় প্রথম ফাইজলামি করেন ভারতে পাকিস্তানে আফগানিস্তানে এই চেয়ে লম্বা বিশাল সুরংগ আছে,Abusive,Little to None,Society
42763,আমি লীগ সরকারের উন্নয়ন,Abusive,Little to None,Organization
618757,তামাশায় এগুলে কি হবে নিত্যপ্রয়োজনীয় দ্রব্যাদির দাম সীমাহীন,Political Hate,Little to None,Society
139975,বি এন পি এবং আওয়ামী লীগের যারা নৌকা মার্কা মনোনয়ন পাননি তারা কেউ করেছে,Abusive,Little to None,Community
906009,এই কয়দিনে মুনাফিক সাপোর্টার দের চিনা হয়ে গেছে যারা জিতলে তালি আর হারলে গালি রান করা আফগান রানে প্যাকেট জিতলেও বাংলাদেশ আর হারলেও বাংলাদেশ সবসময়ই এটাই আমাদের,Abusive,Little to None,Community
19886,ষড়যন্ত্র বেচতে যাবে না তাহলে কি হবে ওদের সাথে তো আর ভারত নাই তাই,Abusive,Little to None,Community
330279,এদের কেন যে টাইগার বলেন আমি ঠিক বুঝি না এদের টাইগার বললে বাঘ লজ্জা পাবে,Abusive,Little to None,Community
464908,রিপোর্টার নিজেই একটা ছাগল এটাকে কি মানুষের আকৃতি বলে,Abusive,Little to None,Individual
930583,হেরে গেলো বাংলাদেশে বাসকারী কিছু ভারতীয় আত্বা,Abusive,Little to None,Community
99453,আমরা তত্তাবদাক সরকার চাড়া ভোট মানিনা,Political Hate,Little to None,Community
395279,অত্যাচারি কোনো সাম্রাজ্য টিকবে নাএটা আল্লাহর বিধানচীনের অর্থনৈতিক শক্তি ও বিপুল পরিমাণ ঋনের লোভে মুসলিম বিশ্ব আজ চুপকিন্তু আল্লাহ উইঘূরদের নিশ্চিহ্ন হতে দেবেন না যদি তারা এ ঈমানী পরিক্ষায় উর্ত্তিন্ন হতে পারেইনশাল্লাহ,Religious Hate,Little to None,Community
331079,এখনও সুটকেস নিয়ে রাতে কারো বাসায় ট্রিপ মারতে যান না যান তো,Abusive,Little to None,Individual
889961,বুদ্ধি প্রতিবন্ধী সাংবাদিক সাধারণ মানুষের সাক্ষাৎকার কেন নেন সাধারণ মানুষ আপনার দৃষ্টিতে এক একটা রিকি পন্টিং,Abusive,Little to None,Individual
178971,দাম বারানৌ একটা নতুন৷ নাটক জনগন৷ এগুলা৷ বুজে,Abusive,Little to None,Society
213252,এটা অসময় টিভি,Abusive,Little to None,Organization
781755,ইনশাল্লাহ ঠিক সময়েই পুতিনের পেছন মারা হবে,Political Hate,Little to None,Individual
823119,কিছুই হবেনামার্কিনিদের অবস্থা হবে সোভিয়েত ইউনিয়নের মতকতভাগ হবেতা সময় বলে দিবে,Political Hate,Little to None,Society
352571,নিউজের মাঝখানে ফালতু অ্যাড গুলো দিলে অতিরিক্ত মন মেজাজ খারাপ হয়,Abusive,Little to None,Organization
263134,তুই হিজলাতুই ভদ্র লম্পট দায়িত্ব ছেড়ে দে এবং দাবী কর যে এত অনিয়ম যে এভাবে কমিশন চালানো সম্ভব নইতাহলে ই ত হয় জাতীয় বেঈমান,Profane,Little to None,Organization
503912,বিএনপিজামাতের মতামত কি সাজানো নাটক,Political Hate,Little to None,Organization
770663,উইঘুরদের শেষ করে দিয়ে আবার শিষ্টাচার শেখাচ্ছে চীন আর কত ভন্ডামি করবে,Abusive,Little to None,Society
925289,কে বিসিবি থেকে বের করে দেয়া হোক ও কোন ক্ষমতা বলে এখন ও টিকে আছে ওর থেকে দেশের সম্মান অনেক বড় তাই দেশের স্বার্থে ও ক্রিকেট এর স্বার্থে মাননীয় প্রধানমন্ত্রী এদের কে আওয়ামীলীগ এর চামচামীর জন্য আর সুযোগ দিয়েন না এরা যতো দিন থাকবে ক্রিকেট এর ক্ষতি হবে,Abusive,Little to None,Individual
131971,হাইরে সময় টিভি ৩ মিনিটের নিউজের মধ্যে ৩ বার এডভার্টাইজ,Abusive,Little to None,Organization
467462,আমাদের দেশের উন্নয়নের কি নমুনা,Abusive,Little to None,Society
714384,সেনাবাহিনী কাজকরে পুলিশীরা কি করে,Abusive,Little to None,Organization
874914,বলদ ছাড়া কেউ কাউকে সর্বকালের সেরা বলবে নাকারণ ভবিষ্যতে কোনো খেলোয়াড় তার চেয়ে অনেক ভালো খেলতে পারে,Abusive,Little to None,Individual
768898,পেচামুখো পুতিনকেতো আর দেখাই যায়না,Abusive,Little to None,Individual
133932,মাত্র তিন মাস মেয়াদ এসব সৌন্দর্য এর কারন বাংগালী জাতি হিসেবে সভ্য হতে পারবেনা,Abusive,Little to None,Society
280267,কিন্তু নিজ দেশে অশান্তি আর অন্যদেশে শান্তি মিশন নিয়ে যান আপনাদের প্রতি এই দেশের জনগণ কি চাই তা আপনারা বুঝেও বুঝেন নাআমরা সাধারণ জনগণ চাই আমার ভোট আমি দিবো যাকে খুশি তাকে দিবো,Political Hate,Little to None,Organization
794785,ডোনাল্ড ট্রাম্পের কিছু হলে জ্বলবে আগুন ঘরে ঘরে,Political Hate,Little to None,Community
159040,সাংবাদিক এর কাছে সংবাদ না থাকলে যা হয় আরকি,Abusive,Little to None,Individual
552667,তুমি নিজে করবা কেন তোমার চাঁদাবাজ বাহিনী আছে না,Abusive,Little to None,Community
90708,ছেলেকে কোথায় রেখে এসেছে দেশে নিয়ে আসেনি কেন৷ভয় পাচ্ছে নাকি দেশ ছেড়ে পালিয়ে যেতে হবে,Abusive,Little to None,Individual
351319,হাত নাড়ানোর অভ্যাস বাদ দেন,Abusive,Little to None,Individual
926891,বাংলাদেশে এদের সাথে ভালোখেলবে তাছাড়া অন্য কেউ হাত পা ভেঙে দিবে,Abusive,Little to None,Community
313962,ভাই একজন কর্মকর্তা বাংলাদেশের ক্রিকেট টিম এ যোগদান করেছে ভাই উনি কি তামিম ইসু তে জলিতো আছে,Abusive,Little to None,Individual
811282,পাবলিকের হাতে অস্র থাকবে কেন ওটাকে দন্ডনিয়ো অপরাধ করতে পারেনা,Abusive,Little to None,Organization
129604,ফালতু সাংবাদিক হরমোনের তারতম্য তো সৃষ্টিকর্তা প্রতিপালক আল্লাহর ইচ্ছার উপর নির্ভর করে,Abusive,Little to None,Community
397371,আমেরিকার এরকম একটা চাল বাংলাদেশের নির্বাচন এলে একটা বাংলা প্রবাদ আছে না আমার থেকে যদি কেউ বেশি ভালোবাসে তাহাকে আমারা ছিনাল বলে আমেরিকা রকমারি পদ্মা সেতু কিন্তু বাংলাদেশে তার কোনো অবগতি দেখতে পারতাছিনা উন্নয়ন দেখতে পারতেছি না,Political Hate,Little to None,Society
892900,সাকিবকে চাইনা তামিমকে চাই,Abusive,Little to None,Individual
480343,কোন জেলায় কোন যুবলীগ ছাএলিগ মরলো বুঝা মুশকিল দুই দিন পর পর ই এগুলা মরে,Political Hate,Little to None,Community
567747,বেহায়াপনা বৈশাখ বেহায়ার হালখাতা খুলে অংগীকার কর পর্দার দিন কাটাবো এই সপথ নেই,Abusive,Little to None,Society
610525,এই বছর বিএনপি কতজন হত্যা করছে আপনি কত জন খুন করেছেন,Political Hate,Little to None,Organization
120720,জঙ্গী সন্ত্রাসী সংগঠন কে নিষিদ্ধ করা হোক,Political Hate,Little to None,Organization
262145,শ্রীলঙ্কাকে দেখেও কি একটু শিক্ষা হয় না আমাদের,Abusive,Little to None,Society
199566,এদের ভিডিও কেউ দেখেনা মাত্র ৫৩ ডা লাইক এরা শুধু কমেন্টস পাওয়ার যোগ্য এখন,Abusive,Little to None,Community
416780,আগেই বলেছিলাম ইমরান যত চেষ্টাই করুক ইমরান কোনোভাবেই বঙ্গবন্ধু হতে পারবে না,Abusive,Little to None,Individual
403512,এরা আবার বড় বড় কথা বলে,Abusive,Little to None,Organization
185190,গুয়েশ্বর চন্দ্র বাবুর মাথার টুপি কি ধর্মের টুপি না কি রাজনীতির টুপি এটা নিয়ে জানতে চাই সে কোন ধর্মের অনুসারী,Religious Hate,Little to None,Individual
172975,কথা ক্লিয়ার বলতে না পারলে সাংবাদিকতা করার দরকার নেই,Abusive,Little to None,Individual
18205,কেন যে বেইমানদের এত সাহায্য করছে ভারত,Abusive,Little to None,Society
263139,আপনি আরমলম দিবেননা আপনার মলম লাগবেনা,Abusive,Little to None,Individual
436169,যুক্তরাজ্য যুক্তরাষ্ট্র বালুস্থান ব্যাঙাডিয়া এই দেশ গুলোর জুতো সংরক্ষণ দায়িত বাংলাদেশেই রাষ্ট্র মন্ত্রণালয়ের ছিলো বহুন দিন থেকে দেখে দেখে অভ্যস্ত চোদ্দচুয়া নাম ফোলাইলে পেঁয়ারা অংউট দৌড়,Profane,Little to None,Society
321159,কি কয় না কয় মাথা গেছে মনে হয় হালায় কতো নাটক দেখমু আর হাহাহা,Abusive,Little to None,Individual
648411,সাংবাদিকদের ও লজ্জা লাগেনা এমন রিপোর্ট করতে কেমনে ৪০০ ৫০০ টাকা হলো,Abusive,Little to None,Community
358410,৪১এ চাল কত হবে ডাল আর ডিম চিনি আটা লবণ সাবান তেল পেঁয়াজ ইলিশ মাছ গাড়ির ভাড়া আমার স্কুলের ফিস ভার্সিটির ফিস চিকিৎসা খরচএগুলাতে নজর দেন আপনারে নিয়া কোন কথা নাই,Abusive,Little to None,Individual
173886,বুঝলাম বোতল দিয়ে বাড়ি বোতলের মধ্যে পানি ভরে মুটকি আটকানো মুটকি খুলে দিলে তো বাড়ি শেষ পানি বের হয়ে যাবে স্বল্পমূল্যে বাড়ি তৈরি,Abusive,Little to None,Individual
332759,সময় টিভি নিউজ এর আমলিক সরকারের খবর ছাড়া অন্য কোন কিছু দেখা যায় না এরা কি আমলিক সরকারের মিডিয়া,Political Hate,Little to None,Organization
685949,পুলিশ মরার কথা শুনলেই মনে আনন্দ হয়,Abusive,Little to None,Community
837859,আপনি জি মটু পাতলুর জন এর মতো কথা বলছেন,Abusive,Little to None,Individual
156880,এদের কঠিন বিচার হয় না বলে এরা পরবর্তীতে আবার ডাকাতিতে যরায় তাই এদের বিরুদ্ধে কঠিন আইন অনুযায়ী ব্যবস্থা নেওয়া হোক,Abusive,Little to None,Community
243668,চোর সর্বশেষ নির্বাচনে অংশ হিসেবে কাজ করার সিদ্ধান্ত নেওয়া উচিত আওয়ামী লীগ,Political Hate,Little to None,Organization
159577,নাস্তিকদের কোন আলোচনা কাজে লাগবে না আমাদের হৃদয়ে থাকবে আল্লামা দেলাওয়ার হোসাইন সাঈদী,Religious Hate,Little to None,Individual
649443,আওয়ামী লীগ ক্ষমতায় থাকা কালীন আর তিস্তা পানি বন্টন সমস্যার সমাধান হচ্ছে না,Abusive,Little to None,Organization
920519,রাব্বির কথা কেনো বলা হয় নাএই বিশ্ব কাপে সব চেয়ে বাজে ব্যাটিং ছিলো রাব্বিরতার কথা না বলে সৌম্যর কথা কেনো বলা হয়,Abusive,Little to None,Community
901816,কোন যুক্ত তে শামিম চৌধুরীকে নিল,Abusive,Little to None,Individual
658504,বাংলাদেশে বিচার নাই ভালো মানুষের জীবনের দাম নাই,Abusive,Little to None,Society
666278,নাটক করে লাভ কিসরকার ভয় পাইতেছে,Political Hate,Little to None,Organization
88969,নিকৃষ্টতর ঘৃণ্য টিভি সময় টিভি নাটক মঞ্চস্থ করতে,Abusive,Little to None,Organization
478730,এই সাংবাদিক একটা দালাল কিন্তু সবাই সাবধান,Abusive,Little to None,Individual
132557,প্রতিটা প্রাণীকেই দুনিয়াতে সৃষ্টি করেছে কোন উপকারের জন্য সুতরাং কুকুরকে কেউ মারবেন না পারলে খাবার দিবেন না পারলে মারবেন না কুকুরকে আপনি একদিন খাবার দিয়ে দেখেন সে আপনার বন্ধু হয়ে যাবে,Abusive,Little to None,Community
236744,না তিনি সবকিছু জানেন কারন হাসিনার বহুদিনের পোষ্য ভারতের দালাল এরা তার কথাই এটা হয়েছে মানুষের দুইটা বাহিরে একটা ভিতরে আরেকটা তার প্রমাণ প্রান গোপাল দত্ত তাকে কি ভাবা হতো এখন তার রুপ কি,Political Hate,Little to None,Individual
362215,ইরানের দিন ঘনিয়ে আসছেইরাক আফগানিস্তান লিবিয়া ভিয়েতনাম হতে চলেছে,Political Hate,Little to None,Society
226917,বিএনপি তেমন মজবুত নয় বলে বিএনপির এই অবস্থা,Political Hate,Little to None,Organization
547557,শুধুমাত্র ডক্টর ইউনুস সুদখোর বাকি সব দুধে ধোয়া,Abusive,Little to None,Organization
210123,মিথ্যা ফখরুল কে রিমান্ডে নেওয়া হোক উস্কানি দাতা,Political Hate,Little to None,Individual
496545,মানুষের নীতি নৈতিকতা কিচ্ছু নাই আল্লাহকে ভয় পায় না ইসলামিক শিক্ষা দরকার কি অবস্থা প্রত্যেকটা সেক্টর দুর্নীতি কোথাও স্বচ্ছ জবাবদিহিতা নাই মাঠ পর্যায় কোন তৎপরতা নাই এই কারণে দুর্নীতি বেশি হচ্ছে,Abusive,Little to None,Community
300227,ঐদিনি বাংলাদেশের সাধারণ মানুষ শান্তি পাবে যেদিন বছরের প্রেতাত্মার অবসান হবে,Abusive,Little to None,Community
930293,এই ফালতু প্যানেল সব নষ্টের মূল,Abusive,Little to None,Organization
256474,আমাদের পুরানা পল্টনে তেরো পাকি জমি বিভিন্ন কোম্পানি দখল করে আছে পারলে আমাদের দখল নিয়ে দেন,Abusive,Little to None,Organization
845341,হইলে কি হবে সব তো হারাম টাকা মানুসের গলায় পারা দিয়া নিসেন,Abusive,Little to None,Individual
339868,কম্বল ছুরের দেশে আর কি আশা করা জায়,Abusive,Little to None,Society
68498,আজ ২৮ শে অক্টোবর ঢাকায় বিএনপির শান্ত সমাবেশে যা ঘটেছে তা আওয়ামীলীগের নেতাদের পূর্ব হুমকিতেই প্রমাণ করে,Political Hate,Little to None,Organization
37157,মাশআল্লাহ সবই আওমলিগ এর হযরতের উন্নয়ন,Political Hate,Little to None,Organization
264750,দরবেশ বাবা কে আরো লোন দেয়া হোক,Abusive,Little to None,Individual
69657,সময় টিভি দেখাবে কোন জায়গা ফাকা আছে এসব কেন দেখাচ্ছে,Abusive,Little to None,Organization
763875,এখন এই প্রিন্সকে কি বলা হবে সে তো সবচাইতে বড় মানবাধিকার লংঘন করেছে,Abusive,Little to None,Individual
723457,যারা চীন সাপোর্ট করে সবাই কি আলীগ করে মনে হয়,Political Hate,Little to None,Organization
573389,স্বীকৃতি দিলে আমেরিকার সমস্যা কারন তারাই গণহত্যার জন্য অস্ত্র দিয়েছিল,Political Hate,Little to None,Society
651314,সময় টিভি বলে যাবে আর জনগণ শুনতে শুনতে মরে যাবে কিন্তু বাস্তবায়ন হবেনা,Abusive,Little to None,Organization
468918,এভাবে উদ্দেশ্য প্রণীতভাবে কাউকে ফাঁসিয়ে নিজে বাঁচা যায় না কখনো টাকায় উপকর কমিশনারের ছোঁয়া নেই তার নিজের ভাষ্যমতে তাহলে সে টাকা নিলো কিভাবে ঐ ডাক্তারের মোবাইল নম্বর ট্যাগ করলেই চক্রান্ত ফাঁস হবে আর যাইহোক ২৬ কোটি টাকা লেনদেনের সঠিক হিসাবও সম্ভবত তিনি দিতে পারবেন না তাহলে নিজের ফাঁদে নিজেই পড়তে বসলো অপেক্ষা করে দেখি জ্বল কোন দিকে গড়ায় বাংলাদেশ তো সব সম্ভাবের দেশ আমরা প্রকৃত অপরাধীর বিচার চাই,Abusive,Little to None,Individual
205368,আপনাদের এতো সাহস থাকলে ভারতের বিরুদ্ধে কিছু বলেন দেখি,Abusive,Little to None,Community
42902,জনগণের টাকায় বেতন নিচ্ছেন হাসপাতালে রুগীকে না দেখে চেম্বার খুলে নিরিহ মানুষ এর কাছ থেকে জত ইচ্ছা ভিজিট নিচ্ছেন নিজেরা দল বেধে ক্লিনিক দিচ্ছেন উনাদের দুরনিতির কথে লিখে শেষ করা যাবেনা করা যাবেনা,Abusive,Little to None,Community
468481,কোন কথা হবে না এই জানোয়ারগুলোকে সর্বসম্মুখে ফাঁসি দেওয়ার দাবি জানাচ্ছি,Abusive,Little to None,Community
791267,পৃথিবীর সবচেয়ে নিকৃষ্ট দেশ প্রশাসন এবং পররাষ্ট্র নীতি হলো আমেরিকা,Political Hate,Little to None,Organization
487687,কিছু কিছু বোকা দা এখানে ধর্ম টেনে নিয়ে আসবে,Abusive,Little to None,Community
191003,ওবায়দুল কাদের ছোট কুকুর এই খাওয়া মোট ছুটতে ব্যাটা তোরা আমরা তার ভোট সুন্নাহ,Abusive,Little to None,Individual
721804,খুব আমেরিকার দাদাগিরি শেষ কিসের আমেরিকাবাল ফেলা আমেরিকা,Profane,Little to None,Society
679057,বাঙ্গালী এত হাগল না যে যেটা তোরা বলবি সেটা বিশ্বাস করে নিবে,Abusive,Little to None,Community
239990,এই জনগণের ভালোবাসা বাইরের সকল দেশের দেখা উচিৎ তাহলে বুজবে শেখ হাসিনা কেমন নির্বাচন করে ক্ষমতায় আসছে,Political Hate,Little to None,Individual
149248,দখল করে নে,Abusive,Little to None,Individual
108293,দেশে তাদের কোনো অর্থ নেই সব বিদেশে পাচার করা হয়েছে,Political Hate,Little to None,Community
258110,এখন লোকজন বলবে এফবিআই কানাডা পুলিশ ও ছাত্রলীগের লোক নিয়োগ নিচ্ছে,Abusive,Little to None,Organization
778108,সেকেন্ড ওয়ার্ল্ড ওয়ারে কি করছোসআর এখন ভাল সাজে,Abusive,Little to None,Individual
874594,এদের এনে টাকা নষ্ট করার কি দরকারএমনি তো দেশ অর্থ সংকটে৷ আছে,Abusive,Little to None,Community
91377,হাম্বা লিগ কমিশনার,Abusive,Little to None,Individual
383825,আমেরিকা আছে বলেই পৃথিবীতে এত সংঘাত,Abusive,Little to None,Organization
56326,বর্তমানের শিল্পী মানে চাটার দল,Abusive,Little to None,Society
76027,মাদক ব্যবসার মূলই তো দলীয় নেতাকর্মীদের শেল্টারে চলে,Political Hate,Little to None,Organization
591905,এ যে সিংগাপুর আর হংকং লেখছেন জীবন এ দেখছেন সিংগাপুর হংকং কেমন হয় হুদাই বারবার সিংগাপুর সিংগাপুর করেন,Abusive,Little to None,Individual
806071,পৃথিবীর দুই নম্বর শক্তিধর হচ্ছে রাশিয়া এবং সেই রাশিয়ার সাথেই যুদ্ধ ঘোষণা করল ইউক্রেন,Political Hate,Little to None,Organization
848448,আমি ছাগল আমারে দুইডা কাঁঠাল পাতা দে,Abusive,Little to None,Individual
484324,এতে আমাদের মতো গ্রামের মানুষের কোনো লাভ নেই৷ লোডশেডিং আমাদের কমবে না এই বিদ্যুৎ পাওয়ার পর আরো নতুন কম্পানি বাড়বে খারখানা বাড়বে ঐসব জায়গায় ব্যবহার হবে আর আমরা শুনতে পাবো লোডশেডিং,Abusive,Little to None,Community
842795,প্রথম আলোর প্রকাশনা বন্ধ করে দিলেই তো হয়,Abusive,Little to None,Organization
614900,জয়বাংলাচালের কেজি টাকা,Abusive,Little to None,Organization
534207,এগুলো সব ভন্ড বিশ্বাসের ষড়যন্ত্র বুবলির পিছনে পড়ে আছে ভন্ড বিশ্বাস আর না হলে আরো আরো অন্যান্য নায়িকা আছে তাদের সাথে কল রেকট ভাইরাল হয় নাই কেন,Abusive,Little to None,Individual
27238,জনগন রাশিয়ার বিরুদ্ধে যাবে,Political Hate,Little to None,Society
844495,সিদ্দিক চোরের মতো লাগছে,Abusive,Little to None,Individual
916273,সুবাহান আল্লাহ আলহামদুলিল্লাহ বলতে বলতে মুখ দিয়া ফেনা তুইল্লা দরকার মুমিন মুসলমানের খেলা দেখা মনে আল্লাহ পাকের দিদার পেয়ে গেছে্,Religious Hate,Little to None,Community
114367,রংপুর তিনত সাদ এরশাদ এবং রংপুর এক মশিউর রহমান রাঙ্গা এমপি এটাতে কেন অন্য পারথি দেওয়া হলো এটা ঠিক না,Abusive,Little to None,Organization
601134,কেনো নিরাপত্তা নিয়ে প্রশ্ন তুলল সেটা ভালো করে বললেন না এটার জন্য দাই আওয়ামী লীগ মায়ের কান্না সংগঠন,Abusive,Little to None,Organization
333618,এক চোরে আরেক চুননি রে বলে,Profane,Little to None,Individual
778102,এরা আমেরিকার প্রজা,Abusive,Little to None,Community
395061,রাশিয়ার এত বড় বড় কথা যুক্তরাষ্ট্র যুক্তরাজ্যজামানফ্রান্স ও নেটো ইউক্রেন কে তো সব দিচ্ছে রাশিয়া কি করতে পাচ্ছে,Abusive,Little to None,Society
502862,একটা জিনিস খেয়াল করবেন গ্রাম খেটে খাওয়া মানুষ কখনোই বাবা মাকে বৃদ্ধাশ্রমে পাঠায় না এসব শুধু শহরের ধনী লোকেরাই করে থাকে,Abusive,Little to None,Community
577353,দেশের স্বার্থে হলে দেশেই থাকতো,Abusive,Little to None,Individual
592507,এইটির সুষ্সট বিচার হল সংবাদসম্মেলন করে বিচারকের নিকট মাফ চাওয়া এবং সাথে মাসের কারাদন্ড দেওয়া কারণ জনগণ মনে করবে এইদেশে কোন সঠিক বিচার নেই যেখানে বিচারক বিচার পায় না সেখানে সাধারণ মানুষ কি বিচার পাবে,Abusive,Little to None,Organization
805648,এদের কি ন্যুনতম লজ্জাবোধ কখনো ছিলো,Abusive,Little to None,Community
676984,এত চেয়ার তবুও আসল লোক নেই ভাড়া ফ্রি খাওয়া ফ্রি ঢাকা ফ্রি আর বিএনপির মাঠ দেখেন রাতেই অর্ধেক হয়ে গেছে,Abusive,Little to None,Organization
503050,ত্রিশ বছর চাকরি করে নিজেকে পাওয়ার ফুল সরকারী চাকুরীজীবি ব্যক্তিটিকে দেখেছি বছরের পর বছরে পেনশনের জন্য ফাইল হাতে নিয়ে ঘুরতে ফুটপাতের টংদোকানে বসে চা খেতে ক্ষমতা চিরস্থায়ী না দুইশ কোটি টাকার বাড়িতে বসবাসকারী গুলশান বনানীর মানুষ ও কিন্তু মরে পোকামাকড় বেজি সাপ বিচ্ছু হাজার কোটি টাকার দেহ টাকে ছিন্নবিচ্ছিন্ন করে খায়এটাই প্রকৃতির নিয়ম মাটির উপরের বাদশা মাটির তলায় সাপ বেজি পোকামাকড়ের খাবার,Abusive,Little to None,Individual
213646,এই রাজনৈতিক হিংস্র খেলা বন্ধ করুন সাধারণ জনগন কে বাঁচতে দেন,Political Hate,Little to None,Organization
521550,জয়ের মা কে তো তুমি কষ্ট দিয়েছ,Abusive,Little to None,Individual
213786,আমিতো ভাবতাম শামীম ওসমান ভয় পাই না এখন দেখি উনি তো ওবায়দুল কাদেরের মতন ভয় পেয়ে গেল,Political Hate,Little to None,Individual
61904,মিরাজের বলে নাই কোন ভেরিয়েশন পেস বোলারদের নাই কোন সুইং ইয়র্কার বিভিন্ন ভেরিয়েশন উইকেট পায় না,Abusive,Little to None,Individual
306050,এইশালা সময় টিভি ফালতু,Profane,Little to None,Organization
16318,ঘোড়ার ডিম দিবে কারণ সঠিক নির্বাচন হলে তাদের বাপ ইমরান খান ক্ষমতায় চলে আসবে,Political Hate,Little to None,Individual
402835,ওবায়দুল কাদের শুনলে বলবে এটা বিএনপির ষড়যন্ত্র,Abusive,Little to None,Individual
807418,একেই বলে প্রকৃত সাহসী ঈমানদার ব্যক্তি দোয়া রইল ইরানের জন্য আরব দেশগুলো পশ্চিমাদের দালালি করতে করতে কখন যে জীবন শেষ হয়ে যাবে বুঝতে পারবে না,Abusive,Little to None,Society
15587,বিএনপির জন্য পাকিস্তান ইসরায়েলের এজেন্ট আছে,Political Hate,Little to None,Community
112702,নব্য ভোট চুর হওয়ার যোগ্য শুভেচ্ছা,Abusive,Little to None,Individual
627599,আমি কোন দিন শয়তান দেখি নাই আজ দেখলাম,Abusive,Little to None,Individual
334303,হিচামার তোর কোয়ালবাই,Abusive,Little to None,Individual
205075,আপনেদের মান সমান থাকতে খমতা ছেরেদেন,Political Hate,Little to None,Organization
443396,আমেরিকানদের যুদ্ধের স্বাদ একবার হলেও নেওয়া উচিত বাংলাদেশ সবসময়ের মতই রাশিয়ার পাশে থাকবে এই যুদ্ধের মূল ইন্দনদ্বাতাই হচ্ছে আমেরিকা,Political Hate,Little to None,Society
846600,তার মানে বুঝা গেলো ঘুষ এ এই দেশে চাকরি চলে,Abusive,Little to None,Society
149901,খাল নদী আর ফুটপাত দখল ছাড়া অন্য সরকারি জায়্গায় মানুষ কিছু করে খেলে সমস্যা নেই মাজিস্ট্রেট হলেই চলবেনা চিন্তা ভাবনা করেও কাজ করতে হবে আইন জনগণের কল্যানের জন্য সিটি করপোরেশনের মাজিস্ট্রেট দেখি রিক্সা ভাংচুর করে এটাও বিবেক দিয়ে ভাবতে হবে বুকিশ নলেজ দিয়ে কাজ করলে হবেনা,Abusive,Little to None,Society
76530,জনগণ ভোটই দিতে গেলোনা জনগন নির্বাচিত করেছে,Political Hate,Little to None,Society
341734,মানুষ হাগু করলেও পাড়লে ছাইড়া দিয়েন ভাই,Abusive,Little to None,Society
890300,ধোনির কাছে শিয়াল পন্ডিত ও ফেল আহারে আর আমাদের টাইগাররা অল্পের জন্য ম্যাচ হেরে যেতো এখন জানতে পেরে কি আফসোসটাই না হচ্ছে আমার,Abusive,Little to None,Individual
852824,তোমার সামী লাগে,Abusive,Little to None,Individual
100317,কাদের কে কোন রংপুর বাসী ভোট দেবেন না কারন সে ইসলাম ও গনতন্ত্রের বিপক্ষে টাকার লোভে ভোটে এসেছে,Political Hate,Little to None,Individual
726880,সমস্যা চীনের হবেনা সমস্য হবে রুশভারতের তাই রুশভাদা রা তিলকে তাল বানিঅপপ্রচারে লিপ্ত রয়েছে কারণ ভারত সকল সময় অন্যের ঘাড়ে বন্দুক রেখে পরোক্ষ ভাবে সন্ত্রাস করে সাধুসাজে,Abusive,Little to None,Society
507214,হযরত শেখ হাসিনা কে নিয়ে চলচ্চিত্র ফিল্ম বানান বাজারে চলবে,Abusive,Little to None,Individual
931362,ক্রিকেট থেকে নিষিদ্ধ করা হোক,Abusive,Little to None,Individual
57799,দালালে বলে কি,Abusive,Little to None,Individual
131223,পাবনা জেলার মানুষ ভিতু,Abusive,Little to None,Society
458769,জনগনের ভোটে এমপি হোকআগে,Political Hate,Little to None,Organization
511438,কি বলব ভাষা খুজে পাচ্ছি নাভেবে ছিলাম হিরো আলম জয়ী হবে কিন্তু এখন সব মিথ্যাভোট আবার গননা করলে ভালো হত,Political Hate,Little to None,Society
180423,থাকে হাত কেটে দেওয়া হোক কে কে একমত,Abusive,Little to None,Individual
183085,আমাদের দেশ বাংলাদেশ এই দেশে যে রকম মানুষ আমরা আরো কঠিন আইন দরকার আর আপনে মগা ইউটিউব আর ফেসবুক নিয়ে থাকেন আপনার কর্মীরা তাই করে এটা আপনাদের মতো বাটপারি রাজনীতি আর কিছু না,Political Hate,Little to None,Community
603113,চুয়াডাঙ্গা জিলা আওমেলিগ কমিটি আমার পছন্দ হল নাহইত উবাইদুল কাদেরবাহাউদ্দিন নাসিম তাদের ছোট আপাকে খুশি করতে সাধারন সম্পাদক পদটা অজোগ্য ব্যক্তির কাছে বিক্রি করেছেজনগন বলছেযে কইটা নাম সাধারন সম্পাদক এর পদ এর জন্য ছিলএর মাঝে এক জনও যোগ্য না,Abusive,Little to None,Individual
59602,বিনা ভোটের এমপির কথা শুনলে হাসি পায়,Abusive,Little to None,Individual
595914,পাটকল নয়রে পাগল পাট গুদাম কি সাংঘাতিক রে ভাই,Abusive,Little to None,Individual
63016,বাংলাদেশের রাজনীতিতে মোদি সরকারের অবৈধ হস্তক্ষেপের প্রতিবাদে বয়কট ইন্ডিয়া বয়কট ভারতীয় পণ্য বয়কট মোদী বয়কট হিন্দুস্থান,Abusive,Little to None,Individual
189118,তোমারা পালানোর পথ খুঁজে পাবে না,Abusive,Little to None,Community
621021,চাপাবাজি ছাড়া আর কি পারেন,Abusive,Little to None,Individual
726652,রাশিয়ার উচিত হবে পেট্রোল দিয়ে মিশাইল বানানো পেট্রোল মিশাইল ও রকেটের মাধ্যমে এসব ট্যংক জালিয়ে দেওয়া সম্ভব না হয় ফসফরাস বোমা,Political Hate,Little to None,Society
427224,আমেরিকা বাটপার দেশ,Abusive,Little to None,Society
73490,এতো জনদরদি তাহলে খমতা ছেড়ে নির্বাচন দিন,Political Hate,Little to None,Organization
682054,বাংলায় চলে সব দুইনাম্বারে করে,Abusive,Little to None,Society
717876,পৃথিবীতে দুই ধরনের মানুষ আছে এক শয়তানের মানুষ এবং দুই আল্লাহর মোমিন বান্দাদেখবেন শয়তান চালিত মানুষের কাছে টাকা পয়সার কোন অভাব নাইএরা টাকা দিয়ে দুনিয়াতে যতরকম ফালতু কাজ করায়,Abusive,Little to None,Community
331378,হলিউডের নায়িকা সাজার অহেতুক কৌতুহল কাক কখনোই ময়ুর হয়না গাধি কোথাকার,Abusive,Little to None,Individual
45082,চোরের মার গলা বড়,Abusive,Little to None,Individual
263168,মনেমগজে আপনারা ভারতের দালাল কেন,Abusive,Little to None,Community
287780,আপনারা সব পারেনদেশের পাবলিক টয়লেট গুলোও ওনার নামে করে দেনশুধু এটাই বাকীমিয়ানমার নিয়ে তো কেউ কোনো কথা বললেন না,Abusive,Little to None,Community
75906,তোদের ছাগলামী আর ভাল লাগতেছেনা,Abusive,Little to None,Individual
608978,পানির দামে রেজাল্ট দিয়াও তাদের শান্তি হোসসে না,Abusive,Little to None,Community
674720,সারা দেশে ওআওয়ামীলীগ যে উন্নয়নের বোমা ফুটিয়ে তা যে কোনো সময়ে বিসফোড়িত হয়ে জনগন মরবে,Political Hate,Little to None,Organization
18914,তাই নতুন করে উত্তেজনা তৈরি করে ভারতীয় জনগণের মনো আকর্ষণ করতে চাচ্ছেন নরেন্দ্র মোদি,Political Hate,Little to None,Society
774821,ইউক্রেনের অবস্থা দেখে এখন এর কস্ট হয়না,Abusive,Little to None,Society
80320,বাস মালিকরা খুবি ভয়ে ভয়ে দিন পার করছেতারা বিএমপিকে ছাড়া আর কোনো রাস্তা দেখছে না,Abusive,Little to None,Community
2519,রোহিঙ্গারা আগেই এসেছে এখনো সেনাবাহিনী আসে তাহলে বুঝা যায় কোন কিছু কিন্তু আছে বুঝায় একটা নাটক বাংলাদেশের জনগন বিপদে আছেন আমাদের বাংলাদেশ সেনাবাহিনীরার বুঝার দরকার আছে সাবধানে থাকতে হবে এখন কার সময়ে,Political Hate,Little to None,Society
760841,জাসিন্ডা প্রধানমন্ত্রী থেকে পদত্যাগ করলেন আর আমাদের দেশে মরার পরে ও প্রধানমন্ত্রী থাকতে চায়,Abusive,Little to None,Society
592143,উন্নয়ন এর যায়গায় বিএনপি ও এর সহযোগী সংগঠনের কোন কমেন্ট পাচ্ছি না,Political Hate,Little to None,Organization
254687,সময় টিভির সংবাদ আর কাকের কাকাকাকাকা,Abusive,Little to None,Organization
266817,এতো চুরি কে করেছে রিজার্ভ চুরি কে করেছে গুম খুন কে করেছে মারকেটে আগুন কে দিয়েছে দেশের ১২ টা কে বাজিয়েছে মানুষের স্বাধীনতা কে হরন করেছে শিক্ষা ব্যবস্থা কে ধ্বংস করেছে,Political Hate,Little to None,Organization
139280,দুইজনরে কঠিন শাস্তির দাবী জানাচ্ছি,Abusive,Little to None,Individual
64360,কাদের সাহেব এ দুর্দিনে কাগ করে দূরে থেকে দেশজাতীর উপর শোধ নিয়েন না আওয়ামীলিগ একটা রাজনৈতীক দল বাকী দেশবিরুধী ক্ষমতালোভী চক্রান্ত কারীদের চাইতে এখনও অনেক অনেক ভাল আপনাকে সব বলতে হবে না জানে কে কি হাসিনার সরকার ভুল করতে পারে কিন্তু এ ভুলত দেশটাকে শকুনদের পালের কাছে ফেলে যেতে পারেন না দয়া করে রাগ অভিমান ভুলে জারজদের হাত থেকে দেশটা রক্ষা করেন,Political Hate,Little to None,Organization
87200,আমি মনে করি ভোট পরেছে ১০২ আপনার বলায় ভুল আছে আর জনগন আপনাদের কথা বিস্বাস করে না,Political Hate,Little to None,Individual
708114,সামিম ওসমানের পকেটে গেছে ওদেক টাকা,Abusive,Little to None,Individual
366273,বাংলাদেশ ইসরায়েলের সাথে যে সব চুক্তি করেছে তা অবিলম্বে বাতিল করা হউক সাথে ইসরায়েলের তৈরী পন্য দেশে বিক্রয় নিষিদ্ধ করা হউক,Political Hate,Little to None,Society
870164,আপনাকে ধন্যবাদ সালারা আর কতদিন অভাবে আর চুরি করবে সালারা বেহায়া ফুটবল টারে নষ্ট করছে সবাই মিলে,Profane,Little to None,Individual
865475,এদের আবার চুমুর সমস্যা আছে আজকে জানলাম,Abusive,Little to None,Community
710009,গুচ্ছ ইঞ্জিনিয়ারিং এর ভেতরে টোটাল শিক্ষার্থী না ফাউল মার্কা রিপোর্ট,Abusive,Little to None,Individual
403399,কমেডিয়ান জেলির কপালে ভয়াবহ শাস্তি অপেক্ষা করছে,Abusive,Little to None,Individual
268208,হাবিবুর আঊয়াল আ লিগ দালান,Abusive,Little to None,Individual
377862,ওদের ধর্মই হলো মুসলিদের মারা ক্ষতি করা,Religious Hate,Little to None,Community
408598,আমেরিক্কে বলি ইউকেন রাশিার দিগে তাকান দঃ এশিয়ার এসে শান্তি প্রতিষ্টার দরকার নাই,Political Hate,Little to None,Society
45433,নগদ এর পুটকি মারি,Profane,Little to None,Organization
193802,এটা কোন বেপারী না কারন ওরা হলো আওয়ামী লীগের নেতা,Abusive,Little to None,Community
22797,যে জাতি শাসনভার কোন নারীর উপর অর্পণ করেছে সে জাতি কখনোই সফলকাম হবেনাবুখারী,Abusive,Little to None,Community
624182,গার্মেন্টস ছুটি হওয়ার অপেক্ষায় আছে ওরা গার্মেন্টস ছুটি হওয়ার পর কিছু লোক সমাগম দেখাতে চায় আলীগ,Political Hate,Little to None,Organization
282300,এইসব ছেবলাদের কারণে আজকে দেশের এই অবস্থা,Abusive,Little to None,Community
186338,লোক টা ঢাকা বিশ্ববিদ্যালয়ের ছাত্র অথচ ভাষা শুনলে মনে হয় অশিক্ষিত,Abusive,Little to None,Individual
64688,নগদ মানি বিরক্তকর,Abusive,Little to None,Organization
743093,সান্তোস একটা শালারপুত,Abusive,Little to None,Individual
455746,নিজের টাকায় কেনা মটর দিয়ে যেখানে ইচ্ছা সেখানে পানি দিবে এতে অবৈধ হবে কেন তাহলে পল্লিবদ্যূৎ কর্রতৃপক্ষ তাদেরকে বড় মটর কিনে দিয়ে সেটার বিল অর্ধেক করে দিক,Abusive,Little to None,Organization
425627,হয় এপার না হয় ওপার নিরপেক্ষ বলে কিছু নেই আর যারা তারপরও নিরপেক্ষ বলে আসছে তারা যুদ্ধের বড় শয়তান,Abusive,Little to None,Individual
804409,আলগা মোমেনের পাশের মহিলাকে মুনা তাসনিমকে দেখলে মনে হয় সেই সিরিয়ালের কোন ক্যারেক্টর মেকআপ বেশি করতে গিয়ে চেহারাটা বিচ্ছিরি হয়ে গেছে,Abusive,Little to None,Individual
81172,দালাল ও ডাইনী হাচিনার হোগা চাটা রাঙ্গা,Profane,Little to None,Individual
17766,চীন কে বিশ্বাস করলে সবচেয়ে বেশি ভুল করবে মস্কো,Political Hate,Little to None,Society
197940,ভাগ ভোট যদি জনগণ আপনাকে দেয় তাহলে নিরপেক্ষ সরকারের অধিনে নির্বাচনে সমস্যা কি এক দ্রব্য মূল্য আপনার ভোট কোথায় গেছে এটা আপনি ভালো করে জানেন ভাগই আছে শুধু শুন্য নাই,Political Hate,Little to None,Individual
61328,হায়রে বাংলাদেশের রাজনীতি,Political Hate,Little to None,Society
846447,ইনডুনিশিয়ার মেয়ে নিয়ে এত মাতা মাতির কোন কিছু নেই সময় হলে বুঝতে পারবে ওরা কি জিনিস,Sexism,Little to None,Community
64252,সময় টিভি ভালো হন,Abusive,Little to None,Organization
25133,একদিকে ত্রান অন্য দিকে বোমা হামলায় মানুষ মারা কৌশলে ফিলিস্তিন দখল করতে চায় কি বুদ্ধিরে ভাই আবার জাতি সংঘে যুদ্ধের বেটো দেয় তারা,Political Hate,Little to None,Community
733358,বাংলাদেশের রাজনীতি নিয়ে দৃশ্যপট বানায় না কেন,Political Hate,Little to None,Society
223498,আপনারা নিজেরাই সিল মিলে ৫০৬০দেখানো ছাড়া ৫সাঃ ভোটারের উপস্থিতি হবে কি না সন্দেহ আছে,Abusive,Little to None,Community
635158,মোষ্ট খারাপ লোক এই বেনজির আহমেদ,Abusive,Little to None,Individual
119991,কম্বল দে সময় সংবাদ চট্টগ্রাম,Abusive,Little to None,Individual
442465,খবরের মাঝখানে যদি আর এড দেন তাহলে আপনাদের চ্যানেলটা আর দেখবো না,Abusive,Little to None,Organization
886431,চুদির ভাইদের লাফানিতেই ক্রিকেটের উন্নতি নাই বিশ্বকাপে ২ ম্যাচ জিততে হাগু বের হয়ে গেছে আর এখন আয়ারল্যান্ড এর সাথে ম্যাচ জয়ের পরিসংখ্যান দিয়ে বিশ্বসেরা বলার বানিয়ে ফেলবে,Profane,Little to None,Society
492591,মমতাকে আম দিয়ে লাভ নাই তিস্তার পানি দিবো না,Political Hate,Little to None,Individual
584686,আগের শিক্ষাক্রম থাকলে সমস্যা কী দীপু আনটি,Abusive,Little to None,Individual
503057,এ আমরা কোন দেশে বসবাস করি,Abusive,Little to None,Society
758765,সাধারণ একটা চা ওয়ালার হাতে বিশ্বের সবচেয়ে বড় গনতান্ত্রিক দেশের ভার উঠিয়ে দিলে এমনি হবে,Abusive,Little to None,Individual
420220,এখন কোথায় জাতিসংঘ এখন কোথায় মানবতা সকল মুসলিম দেশ কে প্রতিবাদ করতে হবে,Political Hate,Little to None,Organization
192245,ইউনুস ভালো না আপনারা কি ভালো অভিনয় ভালো পারেন,Abusive,Little to None,Individual
176593,দর্শক এর উপস্থিতি দেখলেই বুঝা যায় বাংলাদেশে ফুটবল এখনো কি রকম জনপ্রিয় বাংলাদেশ ফুটবল ফেডারশেনের লজ্জা হওয়া উচিত এখন পর্যন্ত সুমনের সাথে সহযোগিতা করছে না বাংলাদেশে প্রত্যেকটা এমপির উচিত অন্ততঃ একটা করে নিজের ক্লাব বানিয়ে কোচ রেখে খেলা চালিয়ে যাওয়া তাতে করে ২১ বছরের মধ্যেই দেশে ফুটবলের একটা ভালো অবস্থা তৈরী হবে,Abusive,Little to None,Organization
782371,কিং জং উনকে জনসম্মুখে এনে দৃষ্টান্তমূলক শাস্তি দেওয়া হোক,Abusive,Little to None,Individual
54204,সঠিক কথাই বলছেন সেলেটা এখন সব খেলোয়ার আর অভিনেত্রীরা ইলেকশন করে পলিনেশিয়ান হতে চায় দেশকে নষ্ট করতে চায় বেশি টাকার লোভে,Political Hate,Little to None,Individual
614312,আজকে নভেম্বরের ১৭ তারিখ পাগল হয়ে গেছে সময় টিভি,Abusive,Little to None,Organization
646221,বিএনপি একটি দুর্নীতিবাজ সন্ত্রাসী দল তাদের দ্বারা দেশের কোন উন্নয়ন আশা করা যায় না,Political Hate,Little to None,Organization
785078,তোমার কেন তোমার বাপের ক্ষমতা নাই ১ কোটি ৭০ লাখ বর্গকিলোমিটার এর রাশিয়া কে নিশ্চিহ্ন করে ফেলা ভাষণ দেয়ার সময় দেয়া একবারে বাঘ আর যুদ্ধ করতে গিয়ে আফগানিস্তান বা ৬০৭০ এর দশকে ভিয়েতনামতৎকালীন এর মত ক্ষুদ্র আর ফকিন্নি দেশে যুদ্ধ করতে গিয়া হেরে যাও,Abusive,Little to None,Individual
337097,হায় খোদা এ আবার কেমন ড্রেস পরিমনি একাই কি এমন সবাই এক একটা পরিমনি,Sexism,Little to None,Community
223286,নেত্রী দ্রব্যমূল্য ঊর্ধ্বগতির কারণে দেশের প্রায় ৬০ মানুষ আপনাকে আর পছন্দ করছে না সাধারণ মানুষ রাজনীতি বুঝে না তারা চায় নিত্যপ্রয়োজনীয় দ্রব্যের সহজলব্যতা আলুডিমতেল ও চালের সিন্ডিকেট ভেঙ্গে দেন দেখবেন ৯০ মানুষ আবার জয় বাংলা জয় শেখ হাসিনা ধ্বনি দিচ্ছে,Political Hate,Little to None,Society
28969,যারা দেশের রাষ্ট্রীয় সম্পদ নষ্ট করে তাদের দৃষ্টান্তমূলক শাস্তির দাবি,Abusive,Little to None,Community
570375,আমরা ভোট দিতে পারি না কেন,Political Hate,Little to None,Organization
325293,আগে থেকে বন্ধু করা বিদেশ কয় নেতার সাথে আছে কুবুদ্ধি ও লোভে সাহসে থাকা পরামর্শ দিয়েছে হাসিনা আর কয় মন্ত্রীরা,Political Hate,Little to None,Individual
109416,জাতীয় পার্টি কে কয়টা আসন দিয়ে বিরোধী দল বানাচ্ছেন মামা,Political Hate,Little to None,Organization
400225,এই শালার পাগল ছাগলের দল আবারও পাডামী শুরু করে ছেন সরকার এই বিষয় টা নজর রাখতে আবেদন করছি,Profane,Little to None,Community
24858,বাংলাদেশীদের কে বাংলাদেশী মুদ্রার সমমূল্য ভারতীয় মুদ্রা দিবে নাকি বাংলাদেশের অর্থনীতি ভেঙ্গে পড়েছে তাই ওদের দেশের মুদ্রার মূল্য কমেছে এতে ভারতীয়রা ঠকাচ্ছে কোথায়,Abusive,Little to None,Society
434557,সময় টিভি এর মত ফালতু চেনেল একটা ও নাই বাংলাদেশে ১ মিনিট এর খবরে বিজ্ঞাপন দেওয়া লাগে,Abusive,Little to None,Organization
643104,সব সেনাবাহিনী টাকা দিয়ে চাকরি করে দেশের জন্য নয় দশ থেকে পনের লাক টাকা লাগে চাকরি করতে দেশের জন্য কিছু করার টাইম আছে ওদের দেশকে কি করে রাখা করতে হবে সেই ট্রেনিং টা ও তাদের শেখানো হয় নি,Abusive,Little to None,Organization
825629,পশ্চিমাদের ঘাম ছুটে ফেলেছে রাশিয়া,Abusive,Little to None,Society
400971,অযোগ্য ও জঘন্য বাইডেন সরকার ডোনাল্ড ট্রাম্প কে আটকিয়ে দিতে বিভিন্ন কৌশল অবলম্বন করে চলছে একের পর এক,Abusive,Little to None,Individual
360387,যতক্ষণ না আমেরিকার বিরুদ্ধে ব্যবহার করা হচ্ছে এই সাবমেরিন বিশ্বকে দেখিয়ে কোন ফায়দা নেই,Abusive,Little to None,Society
392167,জ্বালা জ্বালা বিএনপির জ্বালা,Political Hate,Little to None,Organization
563784,কথা একটাই তত্ত্বাবধায়ক সরকার চাই,Political Hate,Little to None,Society
209659,সময় টিভির টকশো বিএনপি অনেক আগে বরজন করছে,Abusive,Little to None,Organization
366108,ভারতের নিবাচন নাকি ভারত এত বড় বড় কথা বলে,Political Hate,Little to None,Society
67636,পিটার হাঁস বিএনপির সরকার,Political Hate,Little to None,Organization
676589,ইসলামের বিরুদ্ধে যেই কথা বলবে তার স্বাস্তি হবে ইনশাআল্লাহ,Religious Hate,Little to None,Individual
863560,আফারা খেলার মাঝে হাত দরে টানলো কেরে ভালো হইচে মাইর দিচে,Abusive,Little to None,Organization
536085,সাংবাদিক এর কোনো কমনসেন্স নাই,Abusive,Little to None,Individual
80224,আহ শুরু হয়েছে এবার সাংবাদিকদের এদের ইনকাম নিয়ে প্রতিবেদন সাংবাদিকদের যখন এতই কুরকুরানি তাহলে সরকারের কাছে আবেদন করেন কিভাবে জ্যাম লাগানো যায় প্রতিটা মুচড়ে মুচড়ে,Political Hate,Little to None,Organization
116346,নির্বাচন কমিশনার পদত্যাগ চাই,Abusive,Little to None,Individual
117308,হাসিনা দেশে গৃহযুদ্ধ লাগিয়ে দিবে সেনাবাহিনীর কাছে বিচার চাই গনতন্ত্র ফিরিয়ে দিন ভোটাধিকার ফিরিয়ে দিন জনগণ শান্তি চায় সারাদেশে সেনাবাহিনী মোতায়েন করুন দুর্নীতি বাজ মাফিয়া টাকা পাচার কারিদে ধরুন দেশ ছেড়ে পালাতে না পারে,Political Hate,Little to None,Individual
148504,ডিবি হারুন কি বাল ছিঁড়ে বিএনপি কিছু করলে সে কুপিয়ে দেখে,Political Hate,Little to None,Organization
909757,আইপিএলকে ভারতের আশির্বাদ বলা মাল্লুগুলোকে খুজতেছি,Profane,Little to None,Community
176246,বিচার দেখলে মনে হয় এটা পরিকল্পিত,Abusive,Little to None,Individual
450457,ছাত্রলীগ সোনার ছেলে তারা যা করে সব জায়েজ,Political Hate,Little to None,Organization
496757,রিপোর্ট টা ফালতু রিপোর্ট করেন গুরুটা তারা কি ভাবে আঠালো সেটা পুরাপুরি না দেখিয়ে পাব্লিকের বকতবে বিজি থাকেন জাই দেখালেন লাম ছাম,Abusive,Little to None,Organization
19425,নিজ দেশের ভোটের চিত্র আড়ালে রাখে অথচ পাকিস্তানের ভোটের চিত্র ভালো করেই প্রকাশ করছে বাহবাহ,Political Hate,Little to None,Society
516760,আগে কথা ঠিক স্পষ্ট করে বলা শিখে আসেন,Abusive,Little to None,Individual
186176,প্রশাসন নিরপেক্ষ না হলে গণতন্ত্র বিকাশ লাভ করবে না,Political Hate,Little to None,Organization
575025,আর্মি থাকতে কাজ দেয় চায়নাদের আর আর্মিগুলা বসে থাকে সারা বছর মিশনের অপেক্ষায়,Abusive,Little to None,Organization
632276,অক্টোবর থেকে বিদ্যুৎ পাচ্ছি না ঠিক মত আর মন্ত্রী সাহেব বলেন উন্নত হয়েছে বিদ্যুৎ আল্লাহ ভালো জানেন কবে মুক্তি পাবে সাধারণ মানুষ,Political Hate,Little to None,Individual
847819,শাওনকে কেন এখনো বাংলাদেশের এইডস এর ব্র্যান্ড এম্বাসেডর হিসেবে ঘোষণা করা হলোনা সেজন্য হাই কোর্টের রুল জারি করা উচিত,Abusive,Little to None,Individual
35751,বাংলাদেশে ভোটের উৎসব হারিয়ে গেছে,Abusive,Little to None,Society
472844,আর আমরা কিনতে গিয়ে হাসপাস,Abusive,Little to None,Society
168390,বাংলাদেশ রেলওয়ের কর্মকর্তা কর্মচারীদের দূর্নীতি আর কাজের গাফলতির কারনে এসব দূর্ঘটনা ঘটছে কারো জবাবদিহিতা নাই যারফলে অপরাধ করেও রেহাই পেয়ে যাচ্ছে,Abusive,Little to None,Organization
82927,তুমি কোনদিনও হতে পারবেনা,Abusive,Little to None,Individual
596178,এটা কী ধরনের সিদ্ধান্ত,Abusive,Little to None,Individual
15935,শতাংশ বাইরে সমর্থক তাহলে সত্তরে নিজে কিভাবে আসলো,Abusive,Little to None,Individual
334371,বান্দির পোলার চেহারাটা হাসিনা মার্কা,Political Hate,Little to None,Individual
445606,এই খানকির পুত শন্ত্রাশি কি,Profane,Little to None,Individual
268168,সেই সুযোগ তোমাদেরকে দেয়া হবে না,Abusive,Little to None,Community
873179,রিয়ালের রামোসের কাছে রোনালদো সর্বকালের সেরা ছিল হায়রে গাধা পাবলিক একটা কথা বুঝে জিদান রোনালদো নাজারিও রোনালদিনহো ম্যারাডোনাগার্ড মুলার গারিঞ্চা বস্তেন বাকেনবায়ের এখন মেসিরোনালদো টাইম চলছে কিন্তু সর্বকালের সেরা তুলনা কেন পেলের সাথে হয় গর্ধ গুলা এখনো বুঝলোনা এত যুগ আগের একজন কালো মানিক এর সাথে কেন তুলনা সেটাই বুঝলো না আমিও বুঝিনি কিন্তু পড়ে বুঝে গিয়েছি যে কি করে সে অ্যাথলেট অফ দা সেঞ্চুরি হয়েছিল ম্যারাডোনা পুস্কাস ক্রুইফরা তো বিনা কারণে তাকে সর্বকালের সেরার গ্রেড না বলে অতি মহান কিছু সুপার ন্যাচারাল পাওয়ার বলেনি,Abusive,Little to None,Community
258799,বাতাবি লেবুর পরের ভার্সন পদ্মা সেতু এরপর বঙ্গবন্ধু ট্যানেল,Political Hate,Little to None,Organization
613387,আবার নতুন নাটক এখন এই পুলিশদের বরখাস্ত কেন করা হচ্ছে না এটা জনগন বুঝতে পারে,Abusive,Little to None,Community
658231,মাঝে মাঝে চিন্তা করি আমরা ব্রিটিশদের থেকে মুক্তি পাইছি না ব্রিটিশরা আপনাদের থেকে মুক্তি পাইছে,Abusive,Little to None,Community
284407,নির্বাচন কমিশন রে হরেক রকম কথা কয়,Abusive,Little to None,Organization
97961,তুই দেশের জনগনের বিরুদ্ধে কাজ করলি,Abusive,Little to None,Individual
10943,বাংলাদেশে হলে এতক্ষণে ভারতীয় মিডিয়ারা বাংলাদেশের জঙ্গি সংগঠন বেড়ে গেছে বাংলাদেশের জঙ্গিরা এই কাজ করেছে জিহাদী মুজাহিদ পাকিস্তানি সংগঠন আরো ইত্যাদ গুলশানের ঘটনা মনে নাই,Abusive,Little to None,Organization
19400,ভোট দিয়ে লাভ কি অটো পাশ,Political Hate,Little to None,Society
11936,আল্লাহ মনে হয় বিএনপিকে পছন্দ করেনা তাই ওদের কোন কিছুতে সফলতা নেই,Political Hate,Little to None,Organization
229624,ঠিক আছে মীরজাফর কে দাও করা দরকার,Political Hate,Little to None,Individual
865811,নেইমার যদিও একবার দলকে ফাইনাল খেলালেও এমবপ্পাে কখনো তা পরবেনা,Abusive,Little to None,Individual
843745,সাদিয়া জাহান প্রভা এখন কি তোমার মার্কেট খারাপ যাচ্ছে,Abusive,Little to None,Individual
421149,সাংবাদিকরা কোন শরম নাই,Abusive,Little to None,Community
619035,আর কি বলবো হাসিনা আর মুজিবের দেশ এ এমনটাই স্বাভাবিক,Abusive,Little to None,Society
556690,এর পর ও একদল বেইমান বলবে আওয়ামী লীগ ইসলাম বিদ্বেষী,Political Hate,Little to None,Community
231333,বড় বাল ছেঁড়া কাজ করেছে দেশে নারী সমাজ শেষ,Profane,Little to None,Community
236533,রিজভী এতদিন হাতুড়ি খুঁজে পায়নি তাই পঁচাত্তর পর তিনি অবশেষে চাবি খুঁজে না পেয়ে তালা ভেঙে নিজেদের কার্যালয়ে ঢুকেছেন,Abusive,Little to None,Individual
416627,সাংবাদিকা কই পেলে বিশৃংখলা,Abusive,Little to None,Individual
421983,এই নিউজ যেন খাম্বা লিমিটেডের সমর্থকেরা না দেখে,Abusive,Little to None,Individual
461001,যেগুলো খেলে মানুষের জীবন নাশ হতে পারে জানার পরেও লাখ টাকা জরিপানা কি যথেষ্ট জাতির কাছে প্রশ্ন আমার,Abusive,Little to None,Community
278051,সময় যে হাসিনার চামচ সেটা বোঝা যায়,Abusive,Little to None,Organization
352254,আসসালামু আলাইকুম মুসলমানদের উপর বিগত তিন দশক ধরে যে অত্যাচার করেছে ইহুদিবাদীরা তা মুসলমানরা কখনোই ভুলতে পারেনা বিশেষ করে প্যালেস্টাইনদের উপর এবং ইয়াসির আরাফাত এর উপর যে অত্যাচার হয়েছে তা বিশেষ উল্লেখযোগ্য,Religious Hate,Little to None,Community
62267,বাংলাদেশ ক্রিকেটারদের যুদ্ধের ময়দানে পাঠিয়ে দাও গ্যাস সিলিন্ডার নিয়ে ফিলিস্তিন যুদ্ধে ওরা জয় করবে আর জয় করলেই ওদের বঙ্গবন্ধু স্বর্ণপদক দেয়া হবে,Political Hate,Little to None,Community
528572,বেশি স্মার্টনেস দেখাইতে গেলে যা হয় আর কি দুই হাতে দুই ঘড়ি,Abusive,Little to None,Individual
605199,ঐ প্রতিবাদ মিছিল ও কি নিষেদ,Political Hate,Little to None,Society
120592,সন নটিবাজ লেনটী বাজ কুতালিগ করে,Profane,Little to None,Community
191624,অপেক্ষা করুন কামরুল হাসান সাহেব আগামী প্রজন্ম আপনাদেরকে ভারতীয় রাজাকার হিসেবে আককা দিয়ে সর্বোচ্চ আদালতের রায় দণ্ডিত জারি করা হবে ইনশাল্লাহ,Abusive,Little to None,Individual
239609,বিএনপির কথায় জনমনে হাসাহাসি বিএনপি নেতাদের কথায় কেউ বিশ্বাস করে না,Political Hate,Little to None,Community
611591,আপনারা তাকে আবার নির্বাচিত করে আরো দেশকে লুটেপুটে খাওয়ার সুযোগ করে দেন,Political Hate,Little to None,Individual
6142,দেশ সেল করে দিয়েছে মনে হচ্ছ,Abusive,Little to None,Individual
656767,মাল খেয়ে টাল হয়ে গেছে,Abusive,Little to None,Individual
172925,সুন্দরবন হাসপাতালের সকল পরিচালক আওয়ামীলীগের রাজনীতির সাথে জড়িত তাদের কতটা আইনের আওতায় আনা যাবে সেটাই দেখার বিষয়,Political Hate,Little to None,Organization
104200,কোন প্রয়োজন নাই ব্যালট পেপার ভোট আমাদের দেওয়া লাগবে না নির্বাচনে যে টাকা খরচ হবে এই টাকাগুলো গরিবদের বিলিয়ে দিন,Political Hate,Little to None,Individual
631252,বিশ্বের লগে বাংলাদেশের লগে মিলেন কেন এই বিদ্যুতে গেছে বাংলাদেশে পূর্ণ আমরা পাইনা আপনারা ভারত কিভাবে প্রচার করেন চোরেরা,Abusive,Little to None,Society
361662,কি বলেন ভাইজান এদিকে সিনেমায় তো ভিখারি ভাংরত ওঁদের জন্মগত বাপ চীন কে প্রতিদিন উরিয়ে দিয়ে যাচ্ছে,Abusive,Little to None,Individual
903884,২ দিন পরে পরেই কাহিনী হালার,Profane,Little to None,Individual
76367,কি ভিত বিএনপির নেতারা,Abusive,Little to None,Organization
515963,এরা অভিনয় পাখা,Abusive,Little to None,Community
607091,মিথ্যুক কাওয়া কা কা,Abusive,Little to None,Individual
620501,আরো কত টাকা চুরি করবা তোমরা,Abusive,Little to None,Community
483653,যেই সব চক্রান্ত হচ্ছে তা ঠিক না বিচার ঠিকই হবে শুধু সময় আর সিদ্ধান্তের,Abusive,Little to None,Organization
771833,এটা বাংলাদেশ না যে আগের দিন রাতেই ফলাফল ঠিক করে রাখবে,Abusive,Little to None,Organization
361264,ইহুদি ওই সন্ত্রাসীরা হামাসকে নিচ্ছিন্ন করতে পারবে না ইনশাআল্লাহ,Religious Hate,Little to None,Community
888465,খেলোয়াড়দের কাজ মাঠে খেলা নির্বাচন না এমনি বাংলাদেশের ক্রিকেট দল শেষ তার পর ও নির্বাচন এ মনোনয়ন দিচ্ছে সরকার,Political Hate,Little to None,Community
909216,শেখ হাসিনা যতদিন আছে আওয়ামিলীগ এর মধ্যে তার বিকল্প কেউ নাই ঠিক একই ভাবে পাপন যতদিন আছে বোর্ডের মধ্যে তার বিকল্প কেউ নাই কারণ সবাই যে অটোমেটিক ভাবে এমপি প্রধানমন্ত্রী এজন্য একটা ১১১ দরকার আছে দেশের তাহলে বুঝা যেত কত ভালো এরা,Political Hate,Little to None,Individual
574034,সময় টিভির মা চোদা সাম্বাদিক দেবাশীষ রায় হলো জীবন্ত বীরশ্রেষ্ঠ তোকে সশস্ত্র সম্মান জানানো দরকার,Profane,Little to None,Organization
645551,নির্বাচনের নতুন কৌশল কিভাবে জনগণকে হাত করা যায়,Political Hate,Little to None,Organization
82517,এই নির্বাচনের মাধ্যমে বাংলাদেশে একটা লীগ জন্ম নিলো সেই লীগের নাম হলো বাংলাদেশ আওয়ামী সতন্ত লীগ,Political Hate,Little to None,Organization
871931,এড নাহ দিলে হই নাহ মন থেকে উঠে গেলো চ্যনেলটা তাই আনসাবস্ক্রাই করতে বাধ্য হলাম,Abusive,Little to None,Organization
232903,মানুষ হত্যা করার আগেই আপনি নিরপেক্ষ নির্বাচন আয়োজন করার প্রয়োজন ছিল,Political Hate,Little to None,Individual
403931,ভূল তথ্য কেন দেন ভাই ক্রিমিয়া কখনোই ইউক্রেনের অংশই ছিলনা অবিচ্ছেদ্য বলা দূরের কথা বরং সেটি রাশিয়ার সাথে ছিল যুগ যুগ ধরে১৯৫৪ সালে নিকিতা ক্রুসচেভ ক্ষমতায় এলে সোভিয়েত সৌহার্দ্যের অংশ হিসেবে ইউক্রেনের সাথে ক্রিমিয়াকে জুড়ে দেনআগে যেটি রাশিয়ান ফেড়ারেশনের অংশ ছিলরাশিয়া তার ভূখন্ড ফেরত নিয়েছে এবং প্রত্যক্ষ গণভোটের মাধ্যমেমারিওপোল দখলের মাধ্যমে উত্তর দক্ষিণে সহজভাবে মিলিত হওয়ার পথ পেয়ে গেছে রাশিয়া তাই ক্রার্চ সেতু দিয়ে রশদ সরবরাহের প্রয়োজন পড়েনা,Abusive,Little to None,Individual
873754,এতো টাকা খরচ করে বা ফেলানোর কোন মানে হয় না,Abusive,Little to None,Individual
92082,বাংলাদেশের মানুষ ভালো করে জানে যে এটা একটা সাজানো পাকানো নির্বাচন আমার হিসেবে এমন নির্বাচন করে দেশের গণতন্ত্র হত্যা করে দেশের জনগণের টাকা নষ্ট করে এমন পাতানো নির্বাচন করার কোন প্রয়োজন নেই,Political Hate,Little to None,Organization
916994,বিরক্তিকর এ্যাড বন্ধ করুন,Abusive,Little to None,Society
489004,তাদেরকে জংলি বলে ঘোষণা করা হবে না কারণ তারা তো মুসলমান না মুসলমান হলে আজকে আরো কত রকমের বিভ্রান্তকর খবর ছাড়া তো,Religious Hate,Little to None,Community
166700,আওয়ামীলীগে মানুষ নিরাপদ নয়,Political Hate,Little to None,Organization
903153,সে আজকাল অতিরিক্ত পাগলের মতো কথা বলে,Abusive,Little to None,Individual
727608,আমেরিকা যদি সরাসরি ইউক্রেন পাঠাই তা হলে তার পরিনাম হবে ভয়াবহ তাই যুক্তরাষ্ট্র কে এই সিধান্ত থেকে সরে আসতে হবে নয় তো তৃতীয় বিশ্ব যুদ্ধ অনিভায্য,Political Hate,Little to None,Society
206002,কৌতুক রাজনীতিবিদ যারে কয় তার নাম ওবায়দুল কাদের,Abusive,Little to None,Individual
623202,কখনো প্রশ্ন ফাঁস হওয়ার বিষয়ে কোন পদক্ষেপ নেওয়া হয় না বরং আরো প্রশ্ন ফাঁসের খবর প্রচার করার দ্বায়ে আইনানুগ ব্যবস্থা নেওয়া হবে হুমকি দিলে কি আর এই খবর প্রচার হবে,Abusive,Little to None,Society
271826,নির্বাচন সামনে বেশসা গেছে এখন,Profane,Little to None,Individual
423513,সৌদি আরব অবস্থা খুব খারাপ কাজ কাম দিতে চায় না কোম্পানিগুলো এত লোক গুলো অবৈধ হয়ে যায়,Abusive,Little to None,Society
59611,তোমার বাপেরা ভোট দিবে না,Abusive,Little to None,Individual
450450,হেলমেটলীগ বাহিনী ডাকাতলীগ বাহিনী ছাএলীগ বাহিনী স্বাবাস বাঘের বাচ্চা বাংলাদেশের উন্নতি করার জন্য,Political Hate,Little to None,Organization
368018,ঠিক করেছেকারন আমাদের দেশের মানুষ ভাল কিছু বুঝে না,Abusive,Little to None,Community
393171,পৃথিবীর সকল মুসলিম দেশ থেকে সুইডেনের রাষ্ট্রদূতকে বহিষ্কার করার অনুরোধ জানাচ্ছি সেই সাথে সুইডেনকে কাঠগড়ায় দাড় করানোর অনুরোধ জানাচ্ছি,Political Hate,Little to None,Individual
217673,আওয়ামী লীগ যে পথে জাতীয় পার্টি এই পথে,Political Hate,Little to None,Organization
666330,সে মনে হয় মানসিক রুগি,Abusive,Little to None,Individual
388913,ঘণ্টার চাপ কানাডিয়ান দের দেবেনা বলেছে ভারত কানাডা কি করেছেআপনাদের যে আন্তর্জাতিক রাজনীতি নিয়ে আদেও কোনো ধারণা নেই সেটা অত্যন্ত সুস্পষ্ট,Political Hate,Little to None,Community
186446,নগদের বিজ্ঞাপনের সাউন্ড টা খবরের মান নষ্ট করেছে,Abusive,Little to None,Organization
575641,হায়রে মিছা ফখরুল,Political Hate,Little to None,Individual
604419,বি এন পির সমাবেশে বিএনপি নিজেই বিস্ফোরক গঠনের প্ল্যান করেছে তাই যে করে হোক বাংলাদেশের জনগণের জান ও মালের হেফাজত করার দত্ত প্রশাসনের পচাশন যদি সতর্ক থাকে বিএনপি কখনো বাংলাদেশের জনগণের ক্ষতি করতে পারবে না বিএনপির একটাই উদ্দেশ্য যে বিশ্ববাসীর কাছে কিভাবে আওয়ামী লীগকে সন্ত্রাসী বানানো যায় পায়তারা নিজেদের জনসভায় বোমা বিস্ফোরণ করবে আওয়ামী লীগের নামে সমস্ত দোষ চাপিয়ে দেবে আমাদের নবী করীম সাল্লাল্লাহু আলাই সাল্লাম বলেছেন ওই ব্যক্তি সবচেয়ে বড় জুলুমকারী যে নিজের দোষ অন্যের উপর চাপিয়ে দিল পৃথিবীর মধ্যে ইসরাইল ও বিএমপি সবচেয়ে বড় জুলুমকারি,Political Hate,Little to None,Organization
131132,বিমানতো অনেক আধুনিক তাই পরে গেছে,Abusive,Little to None,Organization
701067,এক একটা প্রকল্প চালু হয় আর বিএনপির মন খারাপ হয় শালারা দেশদ্রোহী,Profane,Little to None,Community
527042,এরা চাঁদে বাঁদরের মত ভেসে ভেসে লাফাচ্ছে কেন,Abusive,Little to None,Society
389166,মুসলিম বিশ্ব চুপ করে বসে আছে কেন,Abusive,Little to None,Society
221502,বিরোধী নেতাকর্মীরা যখন নিজ ঘরেও ঘুমাতে পারছে না তখন রাজধানীতে বিশাল জনসভায় সরকার পতনের ভয়ানক হুমকি ইসি ঘেরাওয়ের কথা বলে কাকরাইল মোড়ে এসে পুলিশের সাথে উষ্ণ করমর্দন মুমিনের হুংকারে যদি জালিমের মসনদ না কাপে উল্টো জালিম নিজেই যদি সেই মুমিনদের প্রশ্রয় দেয় তাহলে বুঝতে হবে নেকড়ের পোশাকের আড়ালে সে আসলে ভেড়া,Abusive,Little to None,Individual
293806,বাংলাদেশ বিমান দুর্নীতিবাজদের আখড়া,Political Hate,Little to None,Organization
924671,আগামী ওয়ার্ড কাপের আগেই দেখবা আবার ভয়ংকর আগ্রায় হয়ে তৈরী উঠবে পুরাতন অভিজ্ঞত সব প্লেয়ার গুলো বিদায় হওয়তে এই অবস্থা,Abusive,Little to None,Community
570340,তেল ঠিক মতোই দিচ্ছো ভালো,Abusive,Little to None,Individual
352498,মূলত ইমরান আমেরিকার এজেন্ট ইমরান সম্পর্কে আমাদের বাঙ্গালীদের ধারণা নাই দেখেই আমরা তাকে হিরো মনে করি আসলে সেই আমেরিকার এজেন্ট সে ভোটের মাধ্যমে ক্ষমতায় আসে নাই হাতে তসবি নিয়ে করে আরেক ভন্ডামি সেই মূলত পাকিস্তান আলেমওলামাদের বিপক্ষে শক্তি,Political Hate,Little to None,Individual
730017,জমছেনাএই বেটিরের ডিলিট করে দেয়া হোকওমোরিনা কে দরকার,Abusive,Little to None,Individual
849362,জিয়া ছিল একজন ঠান্ডা মাথার নিষ্ঠুর খুনীএ ধরনের খুনীকে ভয় পাওয়াই স্বাভাবিক,Abusive,Little to None,Individual
638983,আমেরিকায় বাংলার জনগণ তোমরাকি জান আমরা দেশে ওনার জন্য কতো কষ্টে আছি এ বাংলায় একজন জনগণ নাই তোমাদের মতো হাৎতালি দিবে,Abusive,Little to None,Society
722237,পৃথিবীর মান চিএ থেকে ইসরাইল কে চিড় তরে মূছে ফেলা উচিৎ,Abusive,Little to None,Society
84890,মাগুরা বাসি এবার ঠেলা সামলাও,Abusive,Little to None,Society
204200,আমেরিকা ইউ তোদেরকে ক্ষমতায় বসানোর স্বপ্ন দেখিয়েছিল,Political Hate,Little to None,Community
14541,হে মুসলিম জাতি তোমরা মনে রেখ তোমরা নিজেদের মধ্য সংঘাতে জড়িও নাআর যদিও হয় তা মিটে এক হওনিজেদের মধ্য সংঘাত তো তারাই ঘটায় যারা গাফেল বিধর্ম জাতি ইহুদি ও খ্রিস্টানেরা,Religious Hate,Little to None,Community
126708,ঘুষ ছাড়া লোন হয় আতার্য্য ব্যাপার,Abusive,Little to None,Individual
478490,ভালো কিন্তূ এদেরকে কি জনগণের সেবায় নিয়োজিত করা হবে নাকি আওমীলীগের সেবায়,Political Hate,Little to None,Organization
861575,আর্জেন্টিনায় চলে না জামাল ভূঁইয়ার মতো তারকা,Abusive,Little to None,Individual
613327,আসামী ছেড়ে দিয়ে পুরস্কার ঘোষণা বাঃ কি খেলারে বাবা হাসি পায় অবাকও লাগে এ যে কোন নাটক আল্লাহই ভালো জানেন,Political Hate,Little to None,Organization
323372,এ ভাই এদের বাবামা মরলেও মনে হয় এরা কাদবে না,Abusive,Little to None,Community
273129,অনেকেই বলে যে আওয়ামী লীগ অনেক দুর্নীতি করছে তাদের সরকার আমলে সেটা আমি ও মানছি কিন্তু তারা অনেক কিছু করেছেও যে তারা বলতে পারবে এবং এটা স্বয়ং বিএনপি ও মানতে বাধ্য অন্য দিকে বিএনপি শুধু দুর্নীতি করেছি কিছু করে দিতে পারে নাই ১৯৯০ সালে পর থেকে বলার মতো কি করেছে বিএনপি সেটা জানার ইচ্ছে ছিল,Political Hate,Little to None,Organization
63931,সময় টিভিকে কেউ সমথর্ন কইরেনা,Abusive,Little to None,Organization
71251,আন্দোলনের ঘোষণা দিয়ে যখন ওনারা পালিয়েছিল তখনই ওনাদের আন্দোলন ভেস্তে গেছে,Political Hate,Little to None,Society
728409,বাংলাদেশের সামরিক বাহিনীর দূর্বলতা নিয়ে একটা আলোচনা করেন ওমর ইনান ভাই,Abusive,Little to None,Organization
653120,১৫ ই আগস্ট আপনাদের আওয়ামী লীগের পিতার মৃত্যুদিবস হলে কি আর কেউ জন্মনিবেনা উদ্ভট কথা আপনারাই পারেন বটে,Political Hate,Little to None,Community
226795,ঐক্যজোট লিখতে যেকয়টা বর্ণলাগে একয়টা লোক আছে তোদের,Political Hate,Little to None,Organization
644770,ও দেহায় দেহি গ্রামের খেতের মত,Abusive,Little to None,Individual
389250,আল্লাহ আমাদের সবাইকে জালিমের হাত থেকে বাঁচান আমিন৷৷৷৷৷,Abusive,Little to None,Community
730769,চীন আর রাশিয়ার সমর্থন আর সহযোগিতার জন্য উত্তর কোরিয়া টিকে আছে না হলে আমেরিকা কবেই ধ্বংস করে দিতো,Abusive,Little to None,Organization
145268,প্রাক্তন ছাত্র হিসেবে তীব্র নিন্দা জানাই,Abusive,Little to None,Individual
181128,বাংলাদেশের বড় বড় নেতা জনগণকে কখনো ভালোবাসে নাই বাসবেও না,Political Hate,Little to None,Community
312461,লঙ্কা সিন্ডিকেট থেকে দলকে বাঁচান,Abusive,Little to None,Organization
113015,এই সাকিব গংরা বুঝে নিয়েছে যে নৌকার নমিনেশন পেলেই ভোট ছাড়াই পাশ হওয়া যাবে জনগণের ভোট দরকার নাই এজন্যই বেঙের মতো লাফালাফি করতেছে এরা,Abusive,Little to None,Individual
242300,প পশ্চিমাদের বিশ্বাসকরা নিজের জন্য গতখোড়া,Political Hate,Little to None,Organization
645669,ভারত নিজের সার্থ ছারা কিছুই বুঝেনা,Abusive,Little to None,Society
229600,সবই লোক দেখানো সামনে ভোট ন,Political Hate,Little to None,Organization
648017,এটাকেই বলে জতা মেরে গরু দান,Abusive,Little to None,Individual
597550,আরে ভাই এই করে কি লাভ আসলে জাতীয় নির্বাচনে তো সুভংকরের ফাঁকি হবে,Political Hate,Little to None,Organization
373417,হসপিটালের হামলার করছে যুক্তরাষ্ট্র যুক্তরাজ্য ইজরায়েল,Political Hate,Little to None,Community
843171,হাস্যকরনিজ দেশের খবর জানালে দেশের ভাবমূর্তি নষ্টের অভিযোগ উঠবে,Abusive,Little to None,Society
449888,এরা জান্নাত অথবা জাহান্নাম যেকোনো একটাতে যাবেই তাই বলে বাংগালিরর মাথার ব্যাধি,Abusive,Little to None,Community
132949,পাঁচ পারছেন দিচ্ছে না তো মিথ্যা খবর প্রচার করার দরকার কি,Abusive,Little to None,Organization
414299,তোরা বিভিন্ন দেশে ধ্বংস করোস আর আল্লাহ,Abusive,Little to None,Society
411219,আমাগো ছিঙ্গাপুরের কি খবর,Abusive,Little to None,Society
223449,নিষ্কান চৌধুরীর এখন কি হবে যদি দায়িত্ব কাজী জাফরউল্লার হাতে থাকে,Abusive,Little to None,Individual
670462,ইয়াকিন বাহিনি জদি থাকে আপনারা কেনো এটি গুড়িয়ে দিচ্ছে না বাহ আজকে জদি বি এন পি হলে তো বাস আর কুনো কথায় নাই,Political Hate,Little to None,Society
869288,রায়ের ভিডিও তাড়াতাড়ি আপলোড করো না হলে কিন্তু খবর আছে,Abusive,Little to None,Organization
254022,যা বানানোর তা তো বানাই ফেলছেন ভাইজান এখন পালানোর রাস্তা খুজতেছেন,Abusive,Little to None,Individual
745176,আপনি ভুলবাল তথ্য দিচ্ছেন কেন থমাস মুলার কেমনে ২০১৮ বিশ্বকাপ জয়ী হলো,Abusive,Little to None,Individual
249699,কয়লা কিনতে পারে না আবার ইউরেনিয়াম কিনে চুল্লি চালাবে,Abusive,Little to None,Organization
211066,হাসিনার নামে যে মিগ২৯ ক্রয়ে দুর্নীতির মামালা ছিল সেটা আবার জিন্দা করে বিচার করা হবে,Abusive,Little to None,Individual
733277,অন্য জায়গার সব মুসলমানদেরকে মেরে ফেলে দিচ্ছে কিন্তু চীনরা তো এভাবে মারছে না এবং চীনের মুসলমানের জন্য আমেরিকার জান ফেটে যাচ্ছে আর ওইদিকে ফিলিস্তিনদের কে তারা যেভাবে মারছে এবং যেভাবে নির্যাতন করছে এমনকি তাদেরকে পানি পর্যন্ত দেওয়া হচ্ছে না এটার ব্যাপারে তাদের তো কোন মাথা ব্যাথা নাই,Religious Hate,Little to None,Society
275891,সময় টিভি একদল একদলীয় কাজ কাম,Abusive,Little to None,Organization
48741,জেগেছে রাজউক এবার রক্ষা নেই,Abusive,Little to None,Organization
181154,হাচিনার ওদিনে ভোট চাইনা হাচিনা জনগনের ভোট চুর হাচিনা আর তথবদনের সরকারের ওদিনে ভোট চাই হাচিনা জনগনের ভোট চুর,Abusive,Little to None,Individual
784170,পররাষ্ট্রমন্ত্রী মন্ত্রী সাহেব আপনি পদত্যাগ করলে মনুষ স্বস্তি পেতো,Abusive,Little to None,Individual
175673,সময় টিভি লাইভ ক্যামেরায় সমস্যা,Abusive,Little to None,Organization
160540,বিচার কি হবে এই দেশে,Abusive,Little to None,Society
284511,আমেরিকা ভয় পাইছে বাংলাদেশের নিরনির্বাচনকে,Abusive,Little to None,Society
78827,ফখরুলের মুক্তিহয়লে তো আওয়ামী লীগের মুক্তি হবে না,Political Hate,Little to None,Individual
244982,এমন ফালতু হেডলাইন দিয়ে কনটেইন দেয়া মোটেই যুক্তিগ্রাহ্য নয় কেননা কখনো কোন রেলব্রীজে পাথর ঢালা হয়না এবং সেটা সম্ভব নয় সেক্ষেত্র পাথর বিহীন রেল ব্রিজ নির্মাণ করার কি মাহাত্ম প্রকাশ করে,Abusive,Little to None,Organization
438896,খবরের মাঝপথে বিজ্ঞাপন দিয়ে তোরা ভিক্ষা শুরু করলি,Abusive,Little to None,Society
163305,এমন একটি দেশে জম্ম হইছে জে দেশে মানুষের চেয়ে শয়তান বেসিকুন টা সত্য কুনটা মিথ্যা কনফিউচ হইয়া জাই,Abusive,Little to None,Society
21173,কাফেররা কাফেরের ভাই এইগুলা মুনাফিক মুসলিমরা বোঝেনা এজন্যই মুসলিমদের এত কষ্ট,Religious Hate,Little to None,Community
750318,নিজের চরকাই তেল দেন,Abusive,Little to None,Individual
827488,রাশিয়াইউক্রেন ইস্যুতে নিরপেক্ষ অবস্থান ও চীন ইস্যুতে মার্কিন যুক্তরাষ্ট্র ও পশ্চিমাদের রোষানলে পড়েই তার বিরুদ্ধে এমন পরিস্থিতি তৈরি করেছে দালাল প্রতিপক্ষ গুলো তবে ইমরান খান পাকিস্তানের সামরিক খাতকে মজবুত করেছেন এবং একযোগ যাবত পাকিস্তানের সব ধরনের আন্তর্জাতিক ক্রিকেট বন্ধ থাকার পর ইমরান খান সরকার জোর তৎপরতা চালিয়ে নিজ দেশের সব ধরনের খেলার ইভেন্টকে ফিরিয়ে এনেছেন এছাড়াও পূর্ববর্তী শাসকদের যুদ্ধবাজ মার্কিন সাম্রাজ্যবাদ ও পশ্চিমাদের গোলামীর জিঞ্জির থেকে পাকিস্তানকে বের করে এনেছেন তিনি যেমন মার্কিন যুক্তরাষ্ট্র আগের সরকারগুলোর সময় পাকিস্তানের সামরিক ঘাঁটি গেড়ে সেখান থেকে পাকিস্তান ও আফগানিস্তানে ড্রোন হামলা চালিয়ে অসংখ্য নিরীহ মুসলমানদেরকে নির্মমভাবে হত্যা করেছে যেটা ইমরান খান করতে দেননি,Political Hate,Little to None,Society
240365,২০০১ থেকে ২০০৬ সালে কি করছিলেন মনে নাই সালে ২১ মনে নাই ২০০১ থেকে ২০০৬সাল পর্যন্ত ২২ হাজার নেতা করমী কে হ্যাত করছেন আপনার,Political Hate,Little to None,Organization
176920,তোগো নাটক আর ভালো লাগেনা,Abusive,Little to None,Community
290727,যারা বিদেশে বাড়ি করবে তাদের এদেশে ঢুকতে দেওয়া যাবে না এটি একটি আইন করুন সব ঠিক হয়ে যাবে,Abusive,Little to None,Community
736523,ইউরোপের অর্থনৈতিক ধংস হয়ে যাবে ইউরোপ ভিক্ষা করবে সেই সময় আসতেছে এখনো সময় আছে পুতিনের নিষেধাগগা তুলে নিয়ে মাফ চাওয়া উচিত,Abusive,Little to None,Society
570977,আজ আওয়ামী লীগের নেতার মুখে এত নরম আর মিষ্টি কথা শুনে আমার খুব কান্না পাচ্ছে,Political Hate,Little to None,Organization
490487,বিদেশ থেকে কয়লা না এনে বাংলাদেশে কয়লার গাছ লাগাইলে ভালো হতো আর বিদেশ থেকে আনা লাগত না বাংলাদেশের কয়লা দিয়ে বিদ্যুৎ চালাইতে পারতো এটা করা উচিত,Political Hate,Little to None,Society
188125,নো তাকে এন্ডেকশন দিয়ে মারা হয়েছে,Abusive,Little to None,Individual
775117,এই অবস্থার জন্য একমাত্র দায়ী আমেরিকা,Political Hate,Little to None,Society
384921,গণতন্ত্রহীন দেশ হলে এমন হয় অপশক্তির ক্ষমতা বৃদ্ধি পায় নিরীহ মানুষ গোলামির জিঞ্জিরে আবদ্ধ আবদ্ধ হয়ে যায় কিছু সন্ত্রাসী মস্তান দেখাতে তারাই তো সরকারের ক্ষমতায় আনার মেইন কারিগর তাই তাদের কেউ কিছু করার ক্ষমতা থাকে না সমস্ত রাষ্ট্রদন্ত যন্ত্র তাদেরকে সহায়তা করে,Political Hate,Little to None,Society
114234,ষ্ট্রাইকিং ফোর্স হিসাবে কোন লাভ নেই নির্বাচন ক্ষমতা দিয়ে সেনাবাহিনী ভোটের মাঠে ও কেন্দ্রে থাকতে হবে পুলিশ প্রশাসন কে ভোটের কাজে নিয়োজিত না করাই ভালো,Political Hate,Little to None,Organization
352730,৩ মিনিটের একটা নিউজের ভিতর এতো বিগ্গাপন খবর দেখা যাচ্ছে না আর,Abusive,Little to None,Organization
788699,বুঝে আসেনা পুরো ইউরোপ জুড়ে একসাথে মারার চেষ্টা করছে আর রাশিয়া কি তেল গ্যাস দিয়ে নিজের গলা কাটবে নাকি,Political Hate,Little to None,Society
293994,আপনাদের চ্যানেল ও তো প্রশ্নবিদ্ধ,Abusive,Little to None,Organization
118258,আমরা আমেরিকা কে জয় বাংলা শুনিয়ে দেব এটা পাকিস্তান না যে নিমিশেই ক্ষমতা পাল্টানো যাবে,Abusive,Little to None,Society
715870,টনক এখনো কেন নড়ে না এসব গজব,Abusive,Little to None,Individual
549078,বিএনপি এর মতো একটা দেশপ্রেমিক দল আছে বলে বাংলাদেশ আজও টিকে আছে তা নাহলে আওয়ামী লীগ অনেক আগেই দেশটা বিক্রি করে দিত,Political Hate,Little to None,Organization
439,ফাঁকে ফাঁকে ইংরেজি মিলাইয়া কথা বলার কারণে সব কথা ওনাদের বুঝতে পারলাম না,Abusive,Little to None,Community
89049,সময় চ্যালেনকে বয়কট করুন,Abusive,Little to None,Organization
503876,এই মহিলা ভহাইরাল হবে,Abusive,Little to None,Individual
55224,দেশ টারে নাটক সিনেমা বানায় ফেলছে,Abusive,Little to None,Society
431238,চীনের কথা শুনার সময় আছে যুক্তরাষ্ট বস,Political Hate,Little to None,Society
150025,এরা শুধু টাকা নেয় কেতার কোনো মুল্য নাই,Abusive,Little to None,Community
792747,ওই বেডা সরকারের দালালি ছাড়,Abusive,Little to None,Individual
232463,চুন্নু একে বারে মিথ্যে বলেনি বিচার রক এখন টাকার কাছে বিক্রিযে দিন থেকে আইন জীবি ও বিচারক গন রাজনৈতিক দলের সঙ্গে যুক্ত হয়েছে সে দিন থেকে সাধারণ জনগণ বিচার থেকে বঞ্চিত হচ্ছে,Abusive,Little to None,Community
203677,নেতাদের কথা শুনে লজ্জা লজ্জিত হয় কিন্তু নেতারা লজ্জা পান না,Abusive,Little to None,Community
694836,এরোকম অনেক আগে থেকে ঘটছে কনো বিচার হয় না তদন্তে কিছু হবে না,Abusive,Little to None,Society
1982,চন্নু সাহেব লাভাতেল বাজি সরকারের তেল মারার পেছনে আপনাদের হাত আছেএখন এসে এসব ছোট খাটো নীতি দেখিয়ে কোন লাভ নাইযা করার আপনারা সরকারকে তা করিয়ে দিয়েছেন,Political Hate,Little to None,Individual
249588,বিদেশিদের পা কারা চেটে বেড়াচ্ছে সেটা জনগণ জানেভারতে গিয়ে তার প্রমান,Abusive,Little to None,Community
618553,রিনতো নয় গরিবদের উপর পাসানো হবে,Abusive,Little to None,Organization
485136,বান্দরবানের সব উপজাতিদের সব ধারনের সুবিধা বন্ধ করতে হবে,Abusive,Little to None,Community
551254,হায়রে সংসদ কত নিছে নামিয়েছ,Abusive,Little to None,Organization
753787,আমেরিকা তুরস্কে যুদ্ধ বিমান না দিলে তুরস্কের হাতে আরো অনেক অপশন আছে সুতরাং যুদ্ধ বিমান না দিয়ে আমেরিকা নিজেদের থেকে তুরস্ককে বিচ্ছিন্ন হতে বাধ্য করছে এভাবে তুরস্ক আর আমেরিকার দূরত্ব বৃদ্ধি মানে ন্যাটোতে ফাটল ধরার ইঙ্গিত,Political Hate,Little to None,Society
237607,বিএনপির দিন শেষ,Political Hate,Little to None,Organization
547521,হয় হয় আওয়ামীলীগ আর সময় টিভি ছাড়া দেশের উন্নয়ন করবে কে,Political Hate,Little to None,Organization
261997,দালাল টিভির গুলোর উপর নিষেধাজ্ঞা দেওয়া উচিত,Abusive,Little to None,Organization
796064,পাকিস্তান তো হেল্প চাইতেও পারতাছে কিন্তু অাল্লাহ না করুক বাংলাদেশ যদি পাকিস্তান এর মত হয় হেল্প তো দূরে থাক কথাও বলতে পারবে না,Political Hate,Little to None,Society
937684,মাহামুদুল্লাহ কে কেপ্টিন থেকে জদি বাদ না দেয় তাহলে আইক্কা আলা বাস খাবে বাংলাদেশআস্ট্রলিয়া একটা ম্যাচ ও জিততে পারবেনা বাংলাদেশআমি বলেদিলামমাহামুদুল্লাহর মতো ছাগল কেপ্টিন আমি ক্রিকেট জগোতে দেখিনাই,Abusive,Little to None,Individual
352039,আল্লাহর কাছে একটাই চাওয়া মুদি যেন আর জয়ী হতে না পারে,Religious Hate,Little to None,Individual
63866,বি এম পির সব নেতা সালারা মফিস,Profane,Little to None,Community
39822,বিজয়ের এই মাসে স্বাধীনতা বিরোধী রাজাকার ও জঙ্গীদের দোসর দেশ ও গণবিরোধী চুতিয়াতাবাদী প্রতিহত করুন,Profane,Little to None,Individual
838299,এর মতো এতো কম দামের ব নিম্নমানের নায়িকা বলিউড আর গ্রহণ করেনি,Abusive,Little to None,Individual
773243,পুতিন শীত পর্যন্ত ঈুর বেড়াল খেলা খেলবে শীতে মৌসুমে ইউক্রেন জুড়ে দুর্ভিক্ষ মহামারি দেখাযাবে খাদ্য সরবরাহ ও খাদ্যসঙ্কটে তৈরি হবে দিনশেষে ইউক্রেন জনশূন্য হবে এবং রাশিয়ার বিজয় অর্জন করবে,Political Hate,Little to None,Individual
839039,এগুলা হইলো পাঠানের পাঠা ভক্ত,Abusive,Little to None,Community
536219,আজকে যারা বিচারবিশ্লেষণ করছে তাদের বিচার করার কোন যোগ্যতাই নেই অথচ তারা সমাজে কি সুন্দর ভাবে চলাফেরা করছে,Abusive,Little to None,Community
561947,কোনো লাভ হবে না বিদেশিদের কাছে হাত পেতে,Political Hate,Little to None,Organization
630739,সব কিছুতেই যদি প্রধান মন্ত্রীকে বলে দিতে হয় তাহলে বিভিন্ন ধরনের মন্ত্রী থাকার কি প্রয়োজন নিজের কাজ নিজেরা কেনো করতে পারেন না,Abusive,Little to None,Community
191879,মিথ্যুকের দল করো,Political Hate,Little to None,Organization
715669,বিদিশার নতুন যৌবন আসছে এখনো সেই পোশাক পরে,Sexism,Little to None,Individual
590133,বিজয়ের চুরির কি যেনো একটা কাহিনী ছিল,Abusive,Little to None,Individual
318536,আমাদের সকলের অনুরোধ হলো কোন মুসলিম পরিবারে সন্তানটিকে দিবেন কোন বির্ধমী পরিবারে দিবেন না প্লিজ,Religious Hate,Little to None,Society
86960,কার এগেনিস্টে ২০ হাজার ভোটে এগিয়ে সেই লোকটাকে খুঁজে পাইনা সকলের জানা উচিত ম্যাশের জনপ্রিয়তা নড়াইলের বাহিরে নড়াইলে না সব মিডিয়ার ভাঁওতাবাজি আমাদের এলাকাজুড়ে যে কয়জন ভোট দিয়েছে তারা জন প্রতি ২০০ করে ভোট দিয়েছে,Abusive,Little to None,Organization
827165,বালের বিশ্লেষণ এক কথা বার বার বলেঅযথা সময় নষ্ট করা,Profane,Little to None,Individual
824858,পাকিস্তান একটি অভিশপ্ত দেশ যেখানে কেউ পুর্ণ মেয়াদ পর্যন্ত শাসন করতে পারে না,Abusive,Little to None,Society
784928,মিথ্যা বলা হয়েছে শেখ মুজিবর এর আদর্শ,Abusive,Little to None,Individual
307641,সাকিব আল হাসান ইনজুরি হিসেবে থাকে দল থেকে বের করে দেওয়ার উচিত,Abusive,Little to None,Individual
920286,জুতাদি পিডাইলেও তোর মান সম্মান যাবেনা তোর মান সম্মান অনেক শক্ত,Abusive,Little to None,Individual
591590,এতকিছু যদি ভর্তুকি দিতে হয় তাহলে দেশের খনির সম্পদগুলা কোথায় গেলো,Political Hate,Little to None,Society
40248,কাফের হলে এমন কাজ করে,Abusive,Little to None,Community
115294,হাসিনা তুই খমতা ছেরে নির্বাচন কর এটা তর বাপের দেশ না,Political Hate,Little to None,Individual
12021,ওরা ধ্বংসের দারপ্রান্তে,Abusive,Little to None,Community
445682,নিউজের ভিতরেও বিজ্ঞাপন আসে এরচেয়ে দুঃখজনক আর কিছুনেই,Abusive,Little to None,Organization
58866,সিনেমার ভিলেন বাস্তবেও ভিলেনরূপে,Abusive,Little to None,Individual
485735,এত এড দিলে তোমাদের সময় সংবাদ এবং ইউটিউব দেখা বন্ধ করে দেব,Abusive,Little to None,Organization
428733,রিপাবলিকান পার্টি আর ডেমোক্রেটিক পার্টির মধ্যে কিন্তু পার্থক্য আছে রিপাবলিকানরা বর্ণবাদ করে আসছে মার্টিন লুথার কিং জুনিয়র এর সময় থেকে আর এখনও কিন্তু ডেমোক্রেটিকরা একটু ভিন্নই বটে তাই আগামীতে জো বাইডেন বা ডেমোক্রেটিক পার্টির কেউ ক্ষমতায় আসলেই ভালো হবে সকলের জন্য রিপাবলিকানরা বর্ণবাদী,Abusive,Little to None,Organization
214596,গরম ডিম দিতে হবে সকল মিথ্যা কারীকে,Abusive,Little to None,Community
267332,গার্মেন্টস মালিক দের কথা শোনলে মনে হয় ওদের মতো ফকির বাংলাদেশে আর কেউ নেই,Abusive,Little to None,Community
141688,নাটক নিশ্চিত এগুলো দলীয় কেডাররা আনছে,Political Hate,Little to None,Organization
20336,এর মধ্যে কি বাংলাদেশের কুমিল্লার বিশ্বাসঘাতক নেতা আছে,Abusive,Little to None,Individual
380935,সকল মুসলিম দেশ এক হয়ে ইজরাইলকে হামলা করতে হবে,Abusive,Little to None,Society
434358,অনেক বাংলাদেশী ভারতে ঢুকছে এবং অলরেডি ঢুকে পড়েছে ভারত সরকারের উচিত এই ব্যাপারে নজর দেওয়া,Abusive,Little to None,Organization
310759,এতো চুলকানি কেনো সেটা সবাই জানে,Abusive,Little to None,Individual
909668,কতো ম্যাচ চুরি কতে জিতছিস ভুলে গেছিস এটা বাংলাদেশ কে কতো ম্যাচ চুরি করে হারাইছিস মনে করে দেখ,Abusive,Little to None,Society
833916,ভাই তোর সংবাদ পড়তে গিয়ে খুব কষ্ট হচ্ছে বুঝতেছি তুই থাম হালকা করে পানি খেয়ে নে,Abusive,Little to None,Individual
69405,২০০৬ থেকে ২০২৩ ১০ বছর হয়রে কানা সাংবাদিক,Abusive,Little to None,Individual
207748,সন্ত্রাসী বিএনপি কখনোই ভালো হবে না,Political Hate,Little to None,Organization
103018,মাহি ৫ বছর যাবৎ চুরি করবে তার পর দেশের উন্নয়ন সম্ভব হবে,Political Hate,Little to None,Organization
596109,বাংলার মানুষ শান্তিতে পাগল হইয়া গেছেদয়া কইরা নিরপক্ষ নির্বাচন দেন ফলাফল জনগণ ঘোষণা করবে,Political Hate,Little to None,Organization
199005,গাঁজা খোর মিডিয়ার উপরে নিষেধাজ্ঞা ১০০ দেওয়া উচিৎ সঙ্গে আপনাকেও,Abusive,Little to None,Organization
225837,এইযে পুলিশ আপনি কি কবরে যাবেন না,Abusive,Little to None,Community
273099,প্রতিটা কাউন্টারে মেয়ে থাকে কেনো,Sexism,Little to None,Society
902754,যেখানে সব দেশ সিনিয়র প্লেয়ার দের বড় বড় ইভেন্টে পাওয়ার জন্য সিরিয়াছ থাকে সেখানে আমাদের দেশ উল্টা তারা সিনিয়র দের বাতিলের খাতায় রাখতে পারলে বাচে এটাই বাংলাদেশ,Abusive,Little to None,Society
174993,শুকনের থেকে শিখার কিছু নাইআপনারাও কি আমার সাথে একই মত,Abusive,Little to None,Individual
769972,পাকিস্তানের সেনাবাহিনী যে একটা চরম মিথ্যাবাদী আর অসংভ্য তা বাঙালীর নতুন ভাবে জানার দরকার নাই আল্লাহ যেন এই ঈসরায়েল আর পাকিস্তানের সেনাবাহিনীকে হেদায়েত দান করে আমিন,Abusive,Little to None,Society
628491,ছাগল দিয়ে হাল চাষ করার মত,Abusive,Little to None,Individual
398408,এখানে বাংলাদেশের নাগরিক ও আছে সরকারের দালাল টিভি চ্যানেল গুলি এগুলি প্রচার করবে না,Abusive,Little to None,Organization
685085,এমন কি করেছে ওরা বাচ্চাটার সাথেযে এতো ছোট বাচ্চা মৃত্যুর সিদ্ধান্ত নিলো,Abusive,Little to None,Individual
487727,ইসলামে কি এমন হিন্দুদের মতো শাড়ি পরে খাবার পরিবেশন ঠিক,Religious Hate,Little to None,Community
76707,কেন নির্বাচন কলেলন এটা সাজা,Abusive,Little to None,Individual
346640,সময় টিভির সময় ঘনিয়ে আসার সংকেতফালতু কথাবার্তা দিয়ে ভিউ বানিজ্য,Abusive,Little to None,Organization
581206,এখন পরযন্ত পেপাল চালু করতে পারলি না হাছিনা কিসের স্মার্ট বাংলাদেশ মুখে সুধু বয়ান দিলেই হয় না অযথাই সুধু মুখ যব্বর ই আছে,Political Hate,Little to None,Individual
656711,মদ খেয়ে মারা গেছে তার সব কিছু শেষ এখন আললাহ ভালো জানেন কি হবে,Abusive,Little to None,Individual
905454,তাহলে বাকি সময়টা কি খেলবে টেস্ট খেলবে আর দর্শক পাবে কই তখন ভারতই এর বিপক্ষে যাবে প্রথম,Political Hate,Little to None,Organization
249275,ওবায়দুল তো গেলো বিদেশে আর বেগম জিংয়াক্ কেনো যেতে দিচ্ছে না ভয় কিসের বরং বিদেশ গেলে তো সরকারি দল এরই লাভ যেতে দেন আটকাচছ্ন কেনো বেগম জিয়া পালাবে না,Political Hate,Little to None,Individual
107477,আওয়ামী লীগের এই সিদ্ধান্ত কে সহমত বঙ্গবন্ধুর হত্যার প্রেক্ষাপট তৈরি করা গুন্ডা ইনু কে উচিত শিক্ষা দেওয়া উচিত,Abusive,Little to None,Individual
198396,কঠোর আন্দোলন করতে হবে বিএনপিকে এই বিনা ভোটের হাসিনা চোরকে সড়াতে,Political Hate,Little to None,Organization
665240,এই প্রকল্প থেকে মাফিয়া নেত্রী ও তার পরিবার লুটবে ৬০ টাকা যেমনটি কক্সের আগের তিন কোটি টাকার প্রজেক্ট থেকে লুটেছে,Political Hate,Little to None,Individual
687526,কমল দে কে ফাশি দেয়া হোক,Abusive,Little to None,Individual
148990,কাদের মামু আছে,Abusive,Little to None,Individual
315806,একটা রত্নকে হারাচ্ছে বাংলার ক্রিকেটআর অথর্বদেরকে দলে রাখছে,Abusive,Little to None,Individual
326395,জায়েদ খানকে হিজলা মনে হচ্ছে,Abusive,Little to None,Individual
587331,তার পর ও সময় টি বি বলবে বাংলাদেশ কে সম্মান করে না ভারত,Abusive,Little to None,Organization
175964,পুলিশ দিয়ে কাজ হবে না এখানেএখানে রেব লাগবে,Abusive,Little to None,Community
646946,এ কেও এর পাছাই একটা লাতি মার,Profane,Little to None,Individual
896133,আকিব জাবেদ ঠিকই বলেছেন বাংলাদেশের ক্রিকেট অধপতনের দিকে যাচ্ছে কারণ অব্যবস্হাপনা এবং কতিপয় লোকের স্বেচ্ছাচারিতা,Abusive,Little to None,Organization
219414,ফায়ার সার্ভিসের লোকেরা বসে বসে খেলা ধুলা করে সময় পার করেএবার একটু শরীর গরম করতেছে অবরোধের কারণে এটাও একটা শারীরিক ব্যায়াম,Abusive,Little to None,Organization
928441,বিদেশিরা বাংলাদেশের প্লেয়ারদের তেল দিতে জানে কই ধোনি আর কই মাহমুদুল্লাহ কয় হাতি আর কয় মাছি,Abusive,Little to None,Community
490405,আমার বুঝে আসে না বর্তমানে সাংবাদিক দের কি এই ধরনের খবর করা ছাড়া কোন কাজ নাদেশে এত খুন রাহাজানি হচ্ছে তার কোন খবর নাই,Abusive,Little to None,Community
778407,অনেক গাঁদা না বুঝেই সৌদি সরকারের প্রশংসায় কমেন্ট বক্স ভাসায়া ফালাইছে আরে গাঁদারা এতে পৃথীবির সব রাষ্ট্রই ভুক্তভুগী হবে এমনকি বাংলাদেশের মতো অনুন্নয়নশীল রাষ্ট্রগুলো আরো বেশি পরিমান ক্ষতির মুখে পরবে এসব দেশের তেলের দাম অনেকগুন বেড়ে যাবে এবং সব নিত্য পন্যের দাম তেলের দাম বাড়ার কারনে এমনিই বেড়ে যাবে আর মাশাআল্লাহ্ আমাদের দেশে তো এটার অযুহাতে কবরস্থানের কবরের দামও বাড়িয়ে দিবে সুযোগ সন্ধানী নামদ্বারি সৎ ব্যবসায়ী আর ব্যাক্তিরা,Abusive,Little to None,Community
135377,এসব জমি লুটকারী ইসরাইলিদের মতো শয়তানগুলোকে দেশ থেকে বহিষ্কৃত করতে হবে আমার এক আত্মীয়র জমিও সাবেক বিডিআর ৪০ বছর যাবৎ দখল করে আছে বর্তমানে তার ছেলে পুলিশ সে এখন জমিটা দখল করে আছে মামলা চলছে,Abusive,Little to None,Community
91341,দালান চ্যানেল সময় হয়ে গেছেসময় কে বয়কট করলাম,Abusive,Little to None,Organization
660313,একটা আওয়ামী লীগের নেতা বলতে কি কষ্ট লাগে,Political Hate,Little to None,Individual
680247,অস্থিরতার পেছনে ভারতের দায়ী,Abusive,Little to None,Society
207791,পুলিশের বোঝা উচিত কত পরিমান ঘৃণা হলে মানুষ আলহামদুলিল্লাহ বলে,Abusive,Little to None,Organization
375357,ইসরাহিলকেকিছুই করিতে পারিবে নাএইখবরবোয়া খবর,Abusive,Little to None,Society
607172,এতদিন ঐই অবিজান কই ছিল,Abusive,Little to None,Individual
686017,নারী বান্ধব পুলিশ আসামিকে গ্রেফতার করতে গেলে আসামির হাতেই নারী পুলিশ গ্রেফতার হবে যৌন নির্যাতনের শিকার হয়ে কারণ মানবজাতি খুবই ভয়াবহ,Abusive,Little to None,Community
624662,এই হিছিনান মুক দেখে ইবলিছে ও সরম পায়,Abusive,Little to None,Individual
100720,গরু কাদিরা জিন্দাবাদ,Abusive,Little to None,Individual
416976,খবরের মধ্যে এত এড কেনডিসলাক মারলাম,Abusive,Little to None,Organization
858336,আওয়ামী লীগ এখন ৩০০ করে টাকা দেয় একঘন্টা মজা মজা কি আরাম,Political Hate,Little to None,Organization
259678,বিএনপি আন্দোলনের টাকা হাসিনা চোর দিয়ে দেয় না পাবে কোথা থেকে তুই দেশের টাকা বিদেশে পাচার করিস আর সেই টাকা তারেক রহমান আবার দেশে পাঠায়,Political Hate,Little to None,Organization
50328,হামাসের জয় হয়েছে ইনশাআল্লাহ অতিশীঘ্রই ফিলিস্তিনের বিজয় হবে ইসরায়েল আরেকটি গুলি ছুড়লে ইসরায়েলকে বিশ্বের মানচিত্র থেকে মুছে ফেলতে প্রত্যেক ইমানদার মুমিন মুসলমানে লক্ষ্য হয়ে উঠবে ইনশাআল্লাহ,Abusive,Little to None,Organization
796812,তাইওয়ানের উচিত চীনের সাথে মিলে সুন্দরভাবে দেশটাকেসাজানোজনগণের স্বার্থে ভেবেচিন্তে কাজ করো,Political Hate,Little to None,Organization
155604,যারা তার চোখ তুলেছে তাদের কি আইনের আওতায় আনা হয়েছে তাদের চিন্হিত করে তাদের সব সম্পদ তাকে দিয়ে দেওয়া হোক,Abusive,Little to None,Individual
784090,আফগানিস্তানে সিরিযায কে কেন যুদ্ধ করছে,Political Hate,Little to None,Organization
658188,ঠিকই আছে লম্বা দাড়ি রেখে হালালহারাম কিছু না দেখে হিন্দুদের খাবার খেলে এরকম মাইর খেতে হয়,Religious Hate,Little to None,Individual
399406,এত আপসোস কেন তোদের তাদের ষড়যন্ত্রে কত মুসলমানের প্রান হারিয়েছে তারাতো কোন মানুষের বোমার আঘাতে মারা যায়নি তারা আল্লাহর গজবে ধ্বংস হয়েছে আলহামদুলিল্লাহ,Religious Hate,Little to None,Community
381554,বাংলাদেশে আসবে ইসরায়েল সুনা যাচ্ছে,Political Hate,Little to None,Society
649756,কমিশন তাদের খোলস পরিবর্তন করে আস্তে আস্তে সরকারের দালালীর যে কাজ সেটা বাস্তবায়ন করতে শুরু করেছে,Political Hate,Little to None,Society
56465,এ দালাল বলে ওরা নাকি বিরুধীদল,Political Hate,Little to None,Individual
828703,বাহ জীবন বাজি রেখে যুদ্ধ করছে ইউক্রেনের সেনারা আর রাশিয়ার সেনারা জীবন বাড়িতে রেখে এসে যুদ্ধ করছে,Abusive,Little to None,Organization
590745,অনাবাদিত থাকবেই না কিন্তু বুবুজি সকাল আটটায় কারেন্ট গেলে রাত দশটায় যদি সেই কারেন্ট ফিরে আসে তাহলে চাষটা কেমনে করব,Abusive,Little to None,Individual
384522,ইসলামের আইন মানেনাই যে মহিলা সে আবার নোবেল পায় কিভাবে আসলে পশ্চিমারা এবং আমেরিকা এমনভাবে প্রত্যকটি মুসলিম দেশকে ধ্বংস করে তা কল্পনার ও বাহিরে তাকে মানবতা কথা বলে যে নোবেল পুরষ্কার দিয়েছে তা একটি ধর্মের মানুষকে উস্কে দিবে এবং ইসলাম ধর্মের প্রতি মানুষকে ঘৃনা ছড়িয়ে দিবে এটি নিছক পশ্চিমাদের একটি সনএাসী কর্মকান্ড,Religious Hate,Little to None,Individual
578240,ছে্লা কলা আর কত খাওয়াবেন,Abusive,Little to None,Individual
548189,বিবিসি বাংলা এখানে কি এমন খারাপ লিখছে বলছে প্রধানমন্ত্রীর তো নিজেই বলছে লিজ দিলে দেশ দিলে ক্ষমতায় থাকতে পারবে বিবিসি বাংলা কি এমন অপরাধ করলো সময় টিভি সরকারের পাছাটা গোলাম এটাই আবার প্রমাণ হলো,Abusive,Little to None,Organization
204229,শেষ পর্যন্ত স্বীকার করলেন ক্ষমতার জন্য বিএনপি সব কিছুই করতে পারে এমন কি ইসরাইলের সাথে বন্ধুত্বও,Political Hate,Little to None,Community
137780,এদের ফাসি দেন,Abusive,Little to None,Community
686482,আমার সনদেহ হচ্ছে যে যারা পাহারাদার আছে বা ওখানকার বড়বাবুদের নিয়ে তারা যদি দালাল কাকুদের সাথে মিশে মোটা অংকের মাল খেয়ে রোহিঙ্গাদের দেশে ঢুকার সুযোগ না কোইরা দে যা হয় আরকী,Abusive,Little to None,Community
929899,অথচ তারা পাকিস্তানের সাথে গাদ্দারি করে,Political Hate,Little to None,Society
115683,যাত্রা মিরজাফর পার্টি,Abusive,Little to None,Organization
10691,ভারত চির দুশমন বাংলাদেশে,Political Hate,Little to None,Society
396287,এইবারও সালা নাটক করসে যাত্রী লিস্ট এ নাম দিয়েছে কিছু বিমানে না যেয়ে ওই সালায় নিজেই বিমান ধ্বংস করাইসে আত্মগোপন করার জন্য,Profane,Little to None,Individual
77438,শরীফ থেকে শরীফ কান্ড কাদের আর চুন্নুর কান্ড,Abusive,Little to None,Individual
804410,সিলেটে বন্যায় মানুষের প্রাণ ওষ্ঠাগত শত শত মানুষ মারা গেছে হাজার হাজার গবাদিপশু কৃষি খাস জমি নষ্ট হয়ে গেছে কোটি কোটি টাকার সম্পদ ক্ষতি হয়েছে সেই দুর্যোগে সিলেটে মহামারীতে সিলেটের সেই প্রাণপ্রিয় মন্ত্রী এখন ইংল্যান্ডের পোর্টসমাউথে রয়েছেন এবং তিনি সেখানে বাংলাদেশের সাথে ইংল্যান্ডের আমদানিরপ্তানি বিষয়ক জরুরী মিটিং করছেন এবং আমাদের যারা এগুলো দেখো করেছেন তারা প্রতিক্রিয়া ব্যক্ত করছেন ভালো পররাষ্ট্রমন্ত্রী সেরা পররাষ্ট্রমন্ত্রী তার ইত্যাদি,Abusive,Little to None,Individual
517899,কিছু খন পরে পরে নগদ বাল আসে,Profane,Little to None,Organization
326676,এর জন্যেই তো সে নাইকা দেহ দেখিয়ে কামাই করা অভিনয়ের অন্যতম একটি কাজ,Abusive,Little to None,Individual
919870,কুত্তার মত পিঠাইছে,Abusive,Little to None,Individual
862386,করে দিলাম কারণ সময় চ্যানেলের নোটিফিকেশন এর জন্য অন্য চ্যানালের মেজেছ তলে,Abusive,Little to None,Organization
58142,এক শেখ মুজিবর এর নাম বেশি আর কত খাবি,Abusive,Little to None,Community
260140,হে আল্লাহ উনাকে আপনি তুলে নিন,Abusive,Little to None,Individual
527819,এসব হেঁ মার্কা নিউজ ছাড়া কি অন্য নিউজ নাই না থাকলে তোরা সময় টিভির সকল সাংবাদিকরা একে অপরের বা আঁটি বেঁধে নিউজ কর,Abusive,Little to None,Organization
288872,এরা পালিয়ে আসার নাম করে বাংলাদেশের অবস্থান জানতে আসতেযাতে ফিরে গিয়ে বাংলাদেশের দিকে বন্দুক পেরাতে পারেএসব তাদের চালাকিই মনে হয়,Political Hate,Little to None,Society
917064,তামিম এর ও সমস্যা আছেসাকিবের ও,Abusive,Little to None,Individual
623707,দেশ থেকে যতদিন পাকিস্তানের জন্মা বের না করা হবে ৷ ততদিন ভেজাল ও থাকবে,Political Hate,Little to None,Community
7152,এক শ্রেণির সাংবাদিক দেশের শত্রু,Political Hate,Little to None,Community
830461,রিপোর্টার রানা আপনার কথা ভাল বোঝা যায় নাকথা গুলা স্পট না আপনার,Abusive,Little to None,Individual
841145,অনন্ত জলিল বাজে নায়কসিনেমা করার বিভিন্ন স্টাইল ফর্মালিটি যে আনুষঙ্গিক ভূমিকা তাকে এবং সঠিক পর্যায়ে নিজের ক্যারেক্টার কোন আনুষঙ্গিক ভূমিকা রাখতে পারে না যে ধরনের ভঙ্গিমা পর্যবেক্ষণ করার দরকার ওরকম মোনালিসন করতে পারেন না তার সাইড ক্যারেক্টার নায়কের মতন উপযুক্ত না,Abusive,Little to None,Individual
571876,আমরা রেমিট্যান্স পাঠাবো আর শেই টাকা পাচার করার ধান্দা,Abusive,Little to None,Individual
248723,কিছু লোক এসি রুমে বসে বাজে কমেন্ট করতেছে আপনি এদের কষ্ট বুঝবেনা সাদাকে সাদা বলেন আর কালোকে কালো বলতে শিখেন,Abusive,Little to None,Individual
223838,আহারে বিএনপির বুক ফাইটাযায়,Political Hate,Little to None,Organization
115647,বর্তমান যুগের মীর জাফর,Abusive,Little to None,Individual
795314,তাইওয়ান থেকে বাংলাদেশের সব ধরনের তেল আমদানি করা হয় সেজন্য বাংলাদেশ প্রভাব অবশ্যই পড়বে এটা বাংলাতে জুলুম সরকারের কথা,Political Hate,Little to None,Society
186628,কেউ কারাগারে বসে কোটি কোটি মানুষের দোয়া পায় আর কেউ সিংহাসনে বসে কোটি কোটি মানুষের লানত পায়,Abusive,Little to None,Society
51121,টাকা দিয়ে মানুষ এনেজনসভা করতে পারে একমাত্র আওয়ামী লীগকারন এখন বাংলার মানুষ ঠিক মতো খেতে পারতেছে নাকিছু টাকা একবেলা খাবার এর জন্য এতো মানুসকিন্তু জনসভায় মানুষ নিজের অদিকার ফিরিয়ে আনার জন্য লড়াই এ আছে,Political Hate,Little to None,Organization
181060,আপনারা পদত্যাগ করুন আগে পরে অন্য কিছু,Political Hate,Little to None,Community
177337,কিশোর গ্যাং একদিন এই দেশটাকে গিলে খাবে,Abusive,Little to None,Organization
171541,কমল দেপ আপনি দেশের গোয়েন্দা বাহিনীর প্রধান হলে এগুলো করতে বিএনপি জামায়াত করতো না যে ভাবে বললেন এখনো তো তদন্ত চলমান আছে একটুও কি নিরপেক্ষ রিপোর্ট করতে পারেন না,Political Hate,Little to None,Individual
608559,বিএনপি মানের জনতার দল,Political Hate,Little to None,Organization
378097,নগদের এই বিরক্তিকর বিজ্ঞাপনটা বন্ধ করুন প্লিজ,Abusive,Little to None,Organization
606916,হারামজাদা যুক্তরাষ্ট্রের ইতিহাস সবাই জানে,Political Hate,Little to None,Individual
665969,আরো বেশি করে অসাধু প্রন্থা অবলম্বন করো তাহলে দাম পাবে ভালোলোভী কিছু লোকের জন্য দেশটা শেষ হয়ে গেল উচিত শিক্ষা হইছে,Abusive,Little to None,Society
551823,আপনাদের ইভিএম নিয়ে এতো কিসের মাথা ব্যাথাইভিএম ছাড়া এখন ভোট করা যায় না উন্নত বিশ্বে তো ইভিএম ছাড়া ও ভোট হয়,Abusive,Little to None,Community
234575,আর মাত্র ৯ দিন আহারে বিএনপির নেতাদের ভবিষ্যৎ অন্ধকার,Political Hate,Little to None,Community
